DROP FUNCTION IF EXISTS P_GET_JDH(OUT ac_jdh VARCHAR(100), OUT rt INTEGER);
DROP FUNCTION IF EXISTS P_GET_JD_DM(IN AC_FULL VARCHAR(1000), IN AC_FLAG VARCHAR(1));
DROP FUNCTION IF EXISTS P_GET_JD_NEW(AC_FJD_DM VARCHAR(30), AC_JD_MC VARCHAR(100), AC_FLAG VARCHAR(1));
DROP FUNCTION IF EXISTS P_SEQUENCE_STANDARD(sequenceName VARCHAR(100), OUT sequenceNo VARCHAR(50));
DROP PROCEDURE IF EXISTS P_ADD_GNMK(AC_FULL VARCHAR(256), AC_GNMK CHAR(11), AC_HZMC VARCHAR(100), AC_LJMC VARCHAR(256), AC_YWHJ CHAR(6), AC_MKLX_DM VARCHAR(2), AC_SYSTEMNAME VARCHAR(50));
DROP PROCEDURE IF EXISTS P_ADD_ML(AC_FULL VARCHAR(256), AC_HZMC VARCHAR(100));
DROP PROCEDURE IF EXISTS P_DEL_GNMK(AC_GNMK VARCHAR(11));
DROP PROCEDURE IF EXISTS P_DEL_ML(AC_FJD_DM VARCHAR(11), AC_ML_MC VARCHAR(50));
DROP PROCEDURE IF EXISTS P_ADD_ROOT(AC_JD_DM VARCHAR(30), AC_JD_MC VARCHAR(100), AC_JD_ORDER INTEGER);
DROP PROCEDURE IF EXISTS P_DEL_ROOT(AC_GNMK_DM VARCHAR(11));
DROP PROCEDURE IF EXISTS F_FZXX_GET_LXMC(IN ac_lxdm VARCHAR(10), OUT ac_lxmc VARCHAR(50));

DROP VIEW IF EXISTS V_QX_GNMK_TREE;
DROP VIEW IF EXISTS V_DM_DWLSGX;
DROP VIEW IF EXISTS v_dm_jg;
DROP VIEW IF EXISTS V_DM_BM;
DROP VIEW IF EXISTS v_dm_czry;

DROP FUNCTION IF EXISTS ISYSZ(VARCHAR);

DROP TABLE IF EXISTS FZXX_FWGL;
DROP TABLE IF EXISTS FZXX_XXGL;
DROP TABLE IF EXISTS FZXX_DM_LX;
DROP TABLE IF EXISTS NSR_SUSPICION_SERVICE;
DROP TABLE IF EXISTS NSR_SUSPICION;
DROP TABLE IF EXISTS PAGEFLOW_VARIABLE;
DROP TABLE IF EXISTS PAGEFLOW_PARAMETER;
DROP TABLE IF EXISTS PAGEFLOW_PAGE;
DROP TABLE IF EXISTS PAGEFLOW_ZB;
DROP TABLE IF EXISTS DASHBOARD_TABCONTENTINFO;
DROP TABLE IF EXISTS DASHBOARD_TABINFO;
DROP TABLE IF EXISTS QX_FAV_GNMK_TREE;
DROP TABLE IF EXISTS CX_CACHE;
DROP TABLE IF EXISTS CX_ASYNQUERY;
DROP TABLE IF EXISTS DM_CXMK;
DROP TABLE IF EXISTS MESSAGE_FIELD_RENDER;
DROP TABLE IF EXISTS MESSAGE_FIELD_MAPPING;
DROP TABLE IF EXISTS MESSAGE_SYSTEM_FIELD;
DROP TABLE IF EXISTS MESSAGE_FIELD_DISPLAY;
DROP TABLE IF EXISTS MESSAGE_EXTENSION;
DROP TABLE IF EXISTS MESSAGE_FIELD_DEFINITION;
DROP TABLE IF EXISTS MESSAGE;
DROP TABLE IF EXISTS MESSAGE_TYPE;
DROP TABLE IF EXISTS MESSAGE_SYSTEM;
DROP TABLE IF EXISTS LOGMESSAGES;
DROP TABLE IF EXISTS MON_ONLINE_USER;
DROP TABLE IF EXISTS MON_GNMK_CLICK;
DROP TABLE IF EXISTS PI_TIMER_GROUP;
DROP TABLE IF EXISTS PI_TIMER;
DROP TABLE IF EXISTS PI_TASK_SCHEDULE;
DROP TABLE IF EXISTS PI_TASK_GROUP;
DROP TABLE IF EXISTS PI_TASK;
DROP TABLE IF EXISTS PI_DM_SJPD;
DROP TABLE IF EXISTS PI_DM_CLZT;
DROP TABLE IF EXISTS print_template;
DROP TABLE IF EXISTS MESSAGE_COMMON_OTM;
DROP TABLE IF EXISTS MESSAGE_COMMON;
DROP TABLE IF EXISTS QX_USER_GW;
DROP TABLE IF EXISTS QX_USER;
DROP TABLE IF EXISTS DM_CZRY;
DROP TABLE IF EXISTS QX_JG_QXJG;
DROP TABLE IF EXISTS DM_JG;
DROP TABLE IF EXISTS DM_DWLSGX;
DROP TABLE IF EXISTS QX_OPERATION;
DROP TABLE IF EXISTS WSQCZCLFS;
DROP TABLE IF EXISTS QX_GNMB_SX_JG;
DROP TABLE IF EXISTS QX_GNMB_GNMK_OPERATION;
DROP TABLE IF EXISTS QX_GNMB_GNMK;
DROP TABLE IF EXISTS QX_JG_GNMK;
DROP TABLE IF EXISTS QX_FAV_GNMK;
DROP TABLE IF EXISTS HLP_GNMK;
DROP TABLE IF EXISTS QX_GNMK_TREE;
DROP TABLE IF EXISTS QX_GNMK;
DROP TABLE IF EXISTS DM_MKLX;
DROP TABLE IF EXISTS QX_GW_GNMB;
DROP TABLE IF EXISTS QX_GNMB;
DROP TABLE IF EXISTS QX_GW_EX;
DROP TABLE IF EXISTS QX_GW;
DROP TABLE IF EXISTS QX_SYSTEM_GW;
DROP TABLE IF EXISTS QX_SYSTEM_USER;
DROP TABLE IF EXISTS QX_SYSTEM;
DROP TABLE IF EXISTS DM_YWHJ;
DROP TABLE IF EXISTS XT_XTCS;
DROP TABLE IF EXISTS XT_TEMPTABLECATALOG;

DROP SEQUENCE IF EXISTS SEQ_FZXX_XXGL;
DROP SEQUENCE IF EXISTS SEQ_NSR_SUSPICION;
DROP SEQUENCE IF EXISTS SEQ_PAGEFLOW_PAGE_ID;
DROP SEQUENCE IF EXISTS SEQ_PAGEFLOW_PARAMETER_ID;
DROP SEQUENCE IF EXISTS SEQ_PAGEFLOW_VARIABLE_ID;
DROP SEQUENCE IF EXISTS SEQ_PI_PHDDH;



-- 创建表: 临时表编目录
CREATE TABLE XT_TEMPTABLECATALOG
(
  TABLENAME          VARCHAR(255) NOT NULL,
  CREATINGTIME       TIMESTAMP NOT NULL,
  EXPIRINGTIME       TIMESTAMP,
  CONNECTIONPOOLNAME VARCHAR(255)
)
;
COMMENT ON TABLE XT_TEMPTABLECATALOG IS '临时表编目录。持久化已申请的临时表信息';
COMMENT ON COLUMN XT_TEMPTABLECATALOG.TABLENAME IS 'TABLENAME';
COMMENT ON COLUMN XT_TEMPTABLECATALOG.CREATINGTIME IS '创建时间';
COMMENT ON COLUMN XT_TEMPTABLECATALOG.EXPIRINGTIME IS '过期时间';
COMMENT ON COLUMN XT_TEMPTABLECATALOG.CONNECTIONPOOLNAME IS '临时表所在数据库的连接池名称，为空表示在生产环境（使用缺省池）。删除临时表时将使用该连接池。';
ALTER TABLE XT_TEMPTABLECATALOG
  ADD CONSTRAINT PK_XT_TEMPTABLECATALOG PRIMARY KEY (TABLENAME);
CREATE INDEX IDX_XT_TEMPTABLECATALOG ON XT_TEMPTABLECATALOG (CREATINGTIME, EXPIRINGTIME);



-- 创建表: 系统参数
CREATE TABLE XT_XTCS
(
  CSXH   VARCHAR(5) NOT NULL,
  JG_DM  VARCHAR(15) NOT NULL,
  CSMC   VARCHAR(80) NOT NULL,
  CSNR   VARCHAR(500) NOT NULL,
  SYSM   VARCHAR(200),
  XYBZ   CHAR(1) NOT NULL,
  JZSZBZ CHAR(1)
)
;
COMMENT ON TABLE XT_XTCS IS '系统参数';
COMMENT ON COLUMN XT_XTCS.CSXH IS '参数序号';
COMMENT ON COLUMN XT_XTCS.JG_DM IS '机构代码';
COMMENT ON COLUMN XT_XTCS.CSMC IS '参数名称';
COMMENT ON COLUMN XT_XTCS.CSNR IS '参数内容';
COMMENT ON COLUMN XT_XTCS.SYSM IS '使用说明';
COMMENT ON COLUMN XT_XTCS.XYBZ IS '选用标志';
COMMENT ON COLUMN XT_XTCS.JZSZBZ IS '集中设置标志';
ALTER TABLE XT_XTCS
  ADD CONSTRAINT PK_XT_XTCS PRIMARY KEY (CSXH, JG_DM);


INSERT INTO XT_XTCS (CSXH, JG_DM, CSMC, CSNR, SYSM, XYBZ, JZSZBZ)
  VALUES ('10000', 'PUBLIC', '系统名称', 'ADP 集成工作平台', '设置系统名称', 'Y', 'Y');
INSERT INTO XT_XTCS (CSXH, JG_DM, CSMC, CSNR, SYSM, XYBZ, JZSZBZ)
  VALUES ('10001', 'PUBLIC', '序号生成器', '9', '9', 'Y', 'Y');


-- ============================================================
--   修改日期：   2010-10-26
--   修改内容：
--			插入密码配置数据
-- ============================================================

INSERT INTO XT_XTCS (CSXH, JG_DM, CSMC, CSNR, SYSM, XYBZ, JZSZBZ)
  VALUES ('10002', 'PUBLIC', '密码规则正则表达式', '\d+', '用于校验用户修改密码时新密码组成规则("\d+"为全数字,禁止删除,设置值为0时为不限制)', 'Y', 'Y');
INSERT INTO XT_XTCS (CSXH, JG_DM, CSMC, CSNR, SYSM, XYBZ, JZSZBZ)
  VALUES ('10003', 'PUBLIC', '允许最大密码输入错误次数', '5', '在一段时间内用户可尝试的最大密码输入错误次数 (禁止删除,设置值为0时为不限制)', 'Y', 'Y');
INSERT INTO XT_XTCS (CSXH, JG_DM, CSMC, CSNR, SYSM, XYBZ, JZSZBZ)
  VALUES ('10004', 'PUBLIC', '密码输入错误连续重试限制时间', '30', '密码输入错误连续重试的限制时间,单位:分钟 (禁止删除,设置值为0时为不限制)', 'Y', 'Y');
INSERT INTO XT_XTCS (CSXH, JG_DM, CSMC, CSNR, SYSM, XYBZ, JZSZBZ)
  VALUES ('10005', 'PUBLIC', '达到最大密码输入错误次数后处理方式', '1', '1:指定时间后允许重试;2:锁定用户 (禁止删除,设置值为0时为不处理)', 'Y', 'Y');
INSERT INTO XT_XTCS (CSXH, JG_DM, CSMC, CSNR, SYSM, XYBZ, JZSZBZ)
  VALUES ('10006', 'PUBLIC', '限制用户重试时间', '30', '用户达到最大密码输入错误次数后限制登录的时间段,单位:分钟 (禁止删除,设置值为0时为不限制)', 'Y', 'Y');


-- 创建表: 业务环节代码
CREATE TABLE DM_YWHJ
(
  YWHJ_DM VARCHAR(6) NOT NULL,
  YWHJ_MC VARCHAR(80) NOT NULL,
  XYBZ    CHAR(1) NOT NULL,
  YXBZ    CHAR(1) NOT NULL
)
;
COMMENT ON TABLE DM_YWHJ IS '业务环节代码';
COMMENT ON COLUMN DM_YWHJ.YWHJ_DM IS '业务环节代码';
COMMENT ON COLUMN DM_YWHJ.YWHJ_MC IS '业务环节名称';
COMMENT ON COLUMN DM_YWHJ.XYBZ IS '选用标志';
COMMENT ON COLUMN DM_YWHJ.YXBZ IS '有效标志';
ALTER TABLE DM_YWHJ
  ADD CONSTRAINT PK_DM_YWHJ PRIMARY KEY (YWHJ_DM);

INSERT INTO DM_YWHJ (YWHJ_DM, YWHJ_MC, XYBZ, YXBZ)
  VALUES ('010000', '行政管理环节', 'N', 'Y');
INSERT INTO DM_YWHJ (YWHJ_DM, YWHJ_MC, XYBZ, YXBZ)
  VALUES ('020000', '党务管理环节', 'N', 'Y');
INSERT INTO DM_YWHJ (YWHJ_DM, YWHJ_MC, XYBZ, YXBZ)
  VALUES ('030400', '资料档案管理', 'Y', 'Y');
INSERT INTO DM_YWHJ (YWHJ_DM, YWHJ_MC, XYBZ, YXBZ)
  VALUES ('040000', '数据管理', 'Y', 'Y');
INSERT INTO DM_YWHJ (YWHJ_DM, YWHJ_MC, XYBZ, YXBZ)
  VALUES ('040100', '数据采集', 'Y', 'Y');
INSERT INTO DM_YWHJ (YWHJ_DM, YWHJ_MC, XYBZ, YXBZ)
  VALUES ('040200', '数据分析审计', 'Y', 'Y');
INSERT INTO DM_YWHJ (YWHJ_DM, YWHJ_MC, XYBZ, YXBZ)
  VALUES ('000000', '综合', 'Y', 'Y');
INSERT INTO DM_YWHJ (YWHJ_DM, YWHJ_MC, XYBZ, YXBZ)
  VALUES ('090000', '系统维护', 'Y', 'Y');
INSERT INTO DM_YWHJ (YWHJ_DM, YWHJ_MC, XYBZ, YXBZ)
  VALUES ('090100', '权限管理', 'Y', 'Y');
INSERT INTO DM_YWHJ (YWHJ_DM, YWHJ_MC, XYBZ, YXBZ)
  VALUES ('090200', '数据字典', 'Y', 'Y');


-- 创建表: 系统
CREATE TABLE QX_SYSTEM
(
  SYSTEMNAME        VARCHAR(80) NOT NULL,
  DESCRIPTION       VARCHAR(50),
  ICONURL           VARCHAR(50),
  VIRTRULROOTNAME   VARCHAR(50),
  COOKIENAME        VARCHAR(50),
  REALROOTURL       VARCHAR(200),
  WELCOMETITTLE     VARCHAR(50),
  WELCOMEURL        VARCHAR(200),
  LOGINURL          VARCHAR(500),
  LOGINTYPE         VARCHAR(10) DEFAULT 'U' NOT NULL,
  LOGOUTURL         VARCHAR(200),
  LOGOUTTYPE        VARCHAR(10) DEFAULT 'U' NOT NULL,
  USERPARAMNAME     VARCHAR(50),
  PASSWORDPARAMNAME VARCHAR(50),
  LOGINSUCCESSTAG   VARCHAR(200) DEFAULT ':CONSOLE:' NOT NULL,
  TESTURL           VARCHAR(200),
  SORTORDER         VARCHAR(2) DEFAULT '99' NOT NULL,
  XYBZ              VARCHAR(1) DEFAULT 'Y' NOT NULL,
  YXBZ              VARCHAR(1) DEFAULT 'Y' NOT NULL,
  BASEURL           VARCHAR(100) DEFAULT '/ctais',
  LOGINTIME         VARCHAR(1) DEFAULT 'S',
  SCRIPT            TEXT,
  SESSIONKEEP       VARCHAR(1) DEFAULT 'Y',
  SESSIONKEEPTYPE   VARCHAR(10) DEFAULT 'U',
  SESSIONKEEPURL    VARCHAR(500),
  UNIUSERTYPE       VARCHAR(10) DEFAULT 'L',
  UNIUSERON         VARCHAR(1) DEFAULT 'N',
  UNIUSERDATA       VARCHAR(200)
)
;
ALTER TABLE QX_SYSTEM
  ADD PRIMARY KEY (SYSTEMNAME);
COMMENT ON TABLE QX_SYSTEM IS '系统';
COMMENT ON COLUMN QX_SYSTEM.SYSTEMNAME IS '系统名称';
COMMENT ON COLUMN QX_SYSTEM.DESCRIPTION IS '系统描述';
COMMENT ON COLUMN QX_SYSTEM.WELCOMETITTLE IS '欢迎标题';
COMMENT ON COLUMN QX_SYSTEM.WELCOMEURL IS '欢迎页url';
COMMENT ON COLUMN QX_SYSTEM.LOGINURL IS '登录地址';
COMMENT ON COLUMN QX_SYSTEM.LOGINTYPE IS '登录类型';
COMMENT ON COLUMN QX_SYSTEM.LOGOUTURL IS '退出地址';
COMMENT ON COLUMN QX_SYSTEM.LOGOUTTYPE IS '退出类型';
COMMENT ON COLUMN QX_SYSTEM.BASEURL IS '基本路径';
COMMENT ON COLUMN QX_SYSTEM.LOGINSUCCESSTAG IS '登录成功标志';
COMMENT ON COLUMN QX_SYSTEM.SCRIPT IS '执行脚本';


INSERT INTO QX_SYSTEM (SYSTEMNAME, DESCRIPTION, ICONURL, VIRTRULROOTNAME, COOKIENAME, REALROOTURL, WELCOMETITTLE, WELCOMEURL, LOGINURL, LOGINTYPE, LOGOUTURL, LOGOUTTYPE, USERPARAMNAME, PASSWORDPARAMNAME, LOGINSUCCESSTAG, TESTURL, SORTORDER, XYBZ, YXBZ, BASEURL, LOGINTIME, SCRIPT, SESSIONKEEP, SESSIONKEEPTYPE, SESSIONKEEPURL, UNIUSERTYPE, UNIUSERON, UNIUSERDATA)
  VALUES ('系统管理', '系统管理', NULL, NULL, NULL, NULL, NULL, NULL, NULL, 'U', '../entry/loginOut?type=ipc&purpose=LogInService&module=Entry', 'U', NULL, NULL, ':CONSOLE:', NULL, '00', 'Y', 'Y', '/adp', 'F', NULL, 'Y', 'U', '../index.htm', 'L', 'N', NULL);


CREATE TABLE QX_SYSTEM_USER
(
  SYSTEMNAME VARCHAR(50) NOT NULL,
  USERID     VARCHAR(11) NOT NULL,
  NAME       VARCHAR(20),
  CZRY_MC    VARCHAR(60),
  LOGINNAME  VARCHAR(40) NOT NULL,
  PASSWORD   VARCHAR(40)
)
;
ALTER TABLE QX_SYSTEM_USER
  ADD CONSTRAINT QX_SYSTEM_USER_PK PRIMARY KEY (SYSTEMNAME, USERID);
CREATE INDEX IDX_QX_SYSTEM_USER_SYS ON QX_SYSTEM_USER (SYSTEMNAME);
CREATE INDEX IDX_QX_SYSTEM_USER_USER ON QX_SYSTEM_USER (USERID);




-- 创建表: 岗位
CREATE TABLE QX_GW
(
  GW_DM    VARCHAR(15) NOT NULL,
  GW_MC    VARCHAR(80) NOT NULL,
  GWLX     VARCHAR(2),
  YWBS     VARCHAR(5),
  SJ_GW_DM VARCHAR(15),
  QX_JG_DM VARCHAR(15) NOT NULL,
  JG_DM    VARCHAR(15) NOT NULL,
  YWHJ_DM  VARCHAR(6) NOT NULL
)
;
COMMENT ON COLUMN QX_GW.GW_DM IS '岗位代码';
COMMENT ON COLUMN QX_GW.GW_MC IS '岗位名称';
COMMENT ON COLUMN QX_GW.GWLX IS '岗位类型';
COMMENT ON COLUMN QX_GW.YWBS IS '业务标识';
COMMENT ON COLUMN QX_GW.SJ_GW_DM IS '上级岗位代码';
COMMENT ON COLUMN QX_GW.QX_JG_DM IS '权限机关代码';
COMMENT ON COLUMN QX_GW.JG_DM IS '机关代码';
COMMENT ON COLUMN QX_GW.YWHJ_DM IS '业务环节代码';
ALTER TABLE QX_GW
  ADD CONSTRAINT PK_QX_GW PRIMARY KEY (GW_DM);
ALTER TABLE QX_GW
  ADD CONSTRAINT FK_QX_GW_YWHJ_DM FOREIGN KEY (YWHJ_DM)
  REFERENCES DM_YWHJ (YWHJ_DM);


INSERT INTO QX_GW (GW_DM, GW_MC, GWLX, YWBS, SJ_GW_DM, QX_JG_DM, JG_DM, YWHJ_DM)
  VALUES ('000000000000000', '超级用户岗', '01', '01   ', NULL, '000000000000000', '000000000000000', '000000');


-- 创建表: 岗位扩展
CREATE TABLE QX_GW_EX
(
  GW_DM    VARCHAR(15) NOT NULL,
  QX_JG_DM VARCHAR(15) NOT NULL
)
;
ALTER TABLE QX_GW_EX
  ADD CONSTRAINT PK_QX_GW_EX PRIMARY KEY (GW_DM, QX_JG_DM);
CREATE INDEX IDX_QX_GW_EX_GW_DM ON QX_GW_EX (GW_DM);

-- 创建表: 功能模板(角色)
CREATE TABLE QX_GNMB
(
  GNMB_DM  VARCHAR(11) NOT NULL,
  GNMB_MC  VARCHAR(80) NOT NULL,
  SS_GW_DM VARCHAR(15),
  JSSX_DM  VARCHAR(2) NOT NULL,
  JG_DM    VARCHAR(15) DEFAULT '00000000000' NOT NULL,
  SFGXJS   CHAR(1) DEFAULT 'N' NOT NULL
)
;
ALTER TABLE QX_GNMB
  ADD CONSTRAINT PK_QX_GNMB PRIMARY KEY (GNMB_DM);
COMMENT ON TABLE QX_GNMB IS '功能模(角色)';
COMMENT ON COLUMN QX_GNMB.GNMB_DM IS '功能模板代码';
COMMENT ON COLUMN QX_GNMB.GNMB_MC IS '功能模板名称';
COMMENT ON COLUMN QX_GNMB.SS_GW_DM IS '所属岗位代码';
COMMENT ON COLUMN QX_GNMB.JSSX_DM IS '角色属性';


INSERT INTO QX_GNMB (GNMB_DM, GNMB_MC, SS_GW_DM, JSSX_DM, JG_DM, SFGXJS)
  VALUES ('00000000001', '超级管理员角色', NULL, '01', '000000000000000', 'N');


-- 创建表: 岗位角色（功能模板）
CREATE TABLE QX_GW_GNMB
(
  GW_DM   VARCHAR(15) NOT NULL,
  GNMB_DM VARCHAR(11) NOT NULL
)
;
COMMENT ON COLUMN QX_GW_GNMB.GW_DM IS '岗位代码';
COMMENT ON COLUMN QX_GW_GNMB.GNMB_DM IS '功能模板代码';
ALTER TABLE QX_GW_GNMB
  ADD CONSTRAINT PK_QX_GW_GNMB PRIMARY KEY (GW_DM, GNMB_DM);
ALTER TABLE QX_GW_GNMB
  ADD CONSTRAINT FK_QX_GW_GNMB_GNMB_DM FOREIGN KEY (GNMB_DM)
  REFERENCES QX_GNMB (GNMB_DM);
ALTER TABLE QX_GW_GNMB
  ADD CONSTRAINT FK_QX_GW_GNMB_GW_DM FOREIGN KEY (GW_DM)
  REFERENCES QX_GW (GW_DM);


INSERT INTO QX_GW_GNMB (GW_DM, GNMB_DM) VALUES ('000000000000000', '00000000001');


-- 创建表:
CREATE TABLE QX_SYSTEM_GW
(
  SYSTEMNAME   VARCHAR(50) NOT NULL,
  GW_DM        VARCHAR(15) NOT NULL,
  GW_MC        VARCHAR(100),
  SYSTEM_GW_DM VARCHAR(15) NOT NULL,
  SYSTEM_GW_MC VARCHAR(100)
)
;
ALTER TABLE QX_SYSTEM_GW
  ADD CONSTRAINT QX_SYSTEM_GW_PK PRIMARY KEY (SYSTEMNAME, GW_DM);




-- 创建表: 模块类型代码
CREATE TABLE DM_MKLX
(
  MKLX_DM VARCHAR(2) NOT NULL,
  MKLX_MC VARCHAR(20) NOT NULL,
  XYBZ    CHAR(1) DEFAULT 'Y' NOT NULL,
  YXBZ    CHAR(1) DEFAULT 'Y' NOT NULL
)
;
COMMENT ON COLUMN DM_MKLX.MKLX_DM IS '模块类型代码';
COMMENT ON COLUMN DM_MKLX.MKLX_MC IS '模块类型名称';
COMMENT ON COLUMN DM_MKLX.XYBZ IS '选用标志';
COMMENT ON COLUMN DM_MKLX.YXBZ IS '有效标志';
ALTER TABLE DM_MKLX
  ADD CONSTRAINT PK_DM_MKLX PRIMARY KEY (MKLX_DM);


INSERT INTO DM_MKLX (MKLX_DM, MKLX_MC, XYBZ, YXBZ)
  VALUES ('01', '专用系统URL', 'Y', 'Y');
INSERT INTO DM_MKLX (MKLX_DM, MKLX_MC, XYBZ, YXBZ)
  VALUES ('02', 'MDI窗口', 'Y', 'Y');
INSERT INTO DM_MKLX (MKLX_DM, MKLX_MC, XYBZ, YXBZ)
  VALUES ('03', 'SHEET窗口', 'Y', 'Y');
INSERT INTO DM_MKLX (MKLX_DM, MKLX_MC, XYBZ, YXBZ)
  VALUES ('04', 'EXE文件', 'Y', 'Y');
INSERT INTO DM_MKLX (MKLX_DM, MKLX_MC, XYBZ, YXBZ)
  VALUES ('05', '通用系统URL', 'Y', 'Y');
INSERT INTO DM_MKLX (MKLX_DM, MKLX_MC, XYBZ, YXBZ)
  VALUES ('06', '脚本', 'Y', 'Y');
INSERT INTO DM_MKLX (MKLX_DM, MKLX_MC, XYBZ, YXBZ)
  VALUES ('07', '工具项', 'Y', 'Y');
INSERT INTO DM_MKLX (MKLX_DM, MKLX_MC, XYBZ, YXBZ)
  VALUES ('10', 'web资源', 'Y', 'Y');
INSERT INTO DM_MKLX (MKLX_DM, MKLX_MC, XYBZ, YXBZ)
  VALUES ('11', '业务对象', 'Y', 'Y');


-- 创建表: 功能模块(资源)
CREATE TABLE QX_GNMK
(
  GNMK_DM    VARCHAR(256) NOT NULL,
  GNMK_HZMC  VARCHAR(80) DEFAULT '功能模块' NOT NULL,
  GNMK_LJMC  VARCHAR(4000) NOT NULL,
  MKLX_DM    VARCHAR(2) DEFAULT '00' NOT NULL,
  YWHJ_DM    VARCHAR(6) NOT NULL,
  CYBJ       CHAR(1),
  GZL_BZ     CHAR(1),
  CFDK       CHAR(1) DEFAULT 'Y' NOT NULL,
  DKWZ       CHAR(1) DEFAULT '0' NOT NULL,
  SHOWLEFT   CHAR(1) DEFAULT 'Y' NOT NULL,
  SHOWTOP    CHAR(1) DEFAULT 'Y' NOT NULL,
  SHOWINTREE CHAR(1) DEFAULT 'Y' NOT NULL,
  SYSTEMNAME VARCHAR(80) DEFAULT '系统管理' NOT NULL,
  YXBZ       CHAR(1) DEFAULT 'Y' NOT NULL
)
;
COMMENT ON COLUMN QX_GNMK.GNMK_DM IS '功能模块代码';
COMMENT ON COLUMN QX_GNMK.GNMK_HZMC IS '功能模块汉字名称';
COMMENT ON COLUMN QX_GNMK.GNMK_LJMC IS '功能模块路径名称';
COMMENT ON COLUMN QX_GNMK.MKLX_DM IS '模块类型代码';
COMMENT ON COLUMN QX_GNMK.YWHJ_DM IS '业务环节代码';
COMMENT ON COLUMN QX_GNMK.CYBJ IS '常用标记';
ALTER TABLE QX_GNMK
  ADD CONSTRAINT PK_QX_GNMK PRIMARY KEY (GNMK_DM);
ALTER TABLE QX_GNMK
  ADD CONSTRAINT FK_QX_GNMK_SYSTEMNAME FOREIGN KEY (SYSTEMNAME)
  REFERENCES QX_SYSTEM (SYSTEMNAME);
ALTER TABLE QX_GNMK
  ADD CONSTRAINT FK_QX_GNMK_YWHJ_DM FOREIGN KEY (YWHJ_DM)
  REFERENCES DM_YWHJ (YWHJ_DM);


INSERT INTO QX_GNMK (GNMK_DM, GNMK_HZMC, GNMK_LJMC, MKLX_DM, YWHJ_DM, CYBJ, GZL_BZ, CFDK, DKWZ, SHOWLEFT, SHOWTOP, SHOWINTREE, SYSTEMNAME)
  VALUES ('FFFFFFFFFFF', '文件夹', 'FFFFFF', '00', '000000', 'N', 'N', 'Y', '0', 'Y', 'Y', 'Y', '系统管理');


CREATE TABLE QX_GNMK_TREE
(
  JD_DM    VARCHAR(21) NOT NULL,
  FJD_DM   VARCHAR(21) NOT NULL,
  JD_MC    VARCHAR(80) NOT NULL,
  GNMK_DM  VARCHAR(256),
  JDLX_DM  VARCHAR(2),
  JD_ORDER INTEGER NOT NULL
)
;
COMMENT ON COLUMN QX_GNMK_TREE.JD_DM IS '功能模块代码';
COMMENT ON COLUMN QX_GNMK_TREE.FJD_DM IS '节点类型代码';
COMMENT ON COLUMN QX_GNMK_TREE.JD_MC IS '节点名称';
COMMENT ON COLUMN QX_GNMK_TREE.GNMK_DM IS '节点代码';
COMMENT ON COLUMN QX_GNMK_TREE.JDLX_DM IS '父节点代码';
COMMENT ON COLUMN QX_GNMK_TREE.JD_ORDER IS '节点顺序';
ALTER TABLE QX_GNMK_TREE
  ADD CONSTRAINT PK_QX_GNMK_TREE PRIMARY KEY (JD_DM);
ALTER TABLE QX_GNMK_TREE
  ADD CONSTRAINT FK_QX_GNMK_TREE_GNMK_DM FOREIGN KEY (GNMK_DM)
  REFERENCES QX_GNMK (GNMK_DM);


INSERT INTO QX_GNMK_TREE (JD_DM, FJD_DM, JD_MC, GNMK_DM, JDLX_DM, JD_ORDER) VALUES ('0', '0', '资源树', 'FFFFFFFFFFF', '0', 0);


-- 创建表: 功能模块帮助
CREATE TABLE HLP_GNMK
(
  ID        CHAR(40) NOT NULL,
  CZRY_DATE TIMESTAMP DEFAULT CURRENT_TIMESTAMP NOT NULL,
  CZRY_MC   VARCHAR(60),
  CZRY_DM   CHAR(11),
  KEYWORD   VARCHAR(2000),
  REMARK    VARCHAR(2000),
  GNMK_DM   VARCHAR(256),
  GNMK_HZMC VARCHAR(120),
  YWHJ_DM   CHAR(6),
  CONTENT   VARCHAR(4000),
  PATH      VARCHAR(256)
)
;
ALTER TABLE HLP_GNMK ADD CONSTRAINT PK_HLP_GNMK PRIMARY KEY (ID);
COMMENT ON TABLE HLP_GNMK IS '帮助-功能模块操作手册';
COMMENT ON COLUMN HLP_GNMK.CZRY_MC IS '操作人员名称';
COMMENT ON COLUMN HLP_GNMK.CZRY_DM IS '操作人员代码';
COMMENT ON COLUMN HLP_GNMK.KEYWORD IS '操作关键字';
COMMENT ON COLUMN HLP_GNMK.GNMK_DM IS '功能模块代码';
COMMENT ON COLUMN HLP_GNMK.GNMK_HZMC IS '功能模块名称';
COMMENT ON COLUMN HLP_GNMK.YWHJ_DM IS '业务环节代码';
COMMENT ON COLUMN HLP_GNMK.REMARK IS '备注';
COMMENT ON COLUMN HLP_GNMK.CONTENT IS '操作手册内容';
COMMENT ON COLUMN HLP_GNMK.PATH IS '操作手册文件路径';


-- 创建表: 功能模块收藏
CREATE TABLE QX_FAV_GNMK
(
  USERID  VARCHAR(11) NOT NULL,
  GNMK_DM VARCHAR(256) NOT NULL,
  GW_DM   VARCHAR(15) NOT NULL,
  JD_MC   VARCHAR(80) NOT NULL
)
;
ALTER TABLE QX_FAV_GNMK
  ADD CONSTRAINT PK_QX_FAV_GNMK PRIMARY KEY (USERID, GW_DM, GNMK_DM);
CREATE INDEX IDX_QX_FAV_GNMK_USERID_ID ON QX_FAV_GNMK (USERID);


-- 创建表:
CREATE TABLE QX_JG_GNMK
(
  JG_DM   VARCHAR(15) NOT NULL,
  GNMK_DM VARCHAR(256) NOT NULL,
  SDATE   TIMESTAMP NOT NULL,
  EDATE   TIMESTAMP NOT NULL
)
;
ALTER TABLE QX_JG_GNMK
  ADD CONSTRAINT PK_QX_JG_GNMK PRIMARY KEY (JG_DM, GNMK_DM);
CREATE INDEX IDX_QX_JG_GNMK_GW_DM ON QX_JG_GNMK (JG_DM);


CREATE OR REPLACE VIEW V_QX_GNMK_TREE AS
SELECT JD_DM, FJD_DM, JD_MC, JDLX_DM, JD_ORDER, QX_GNMK.GNMK_DM, GNMK_HZMC, GNMK_LJMC, MKLX_DM, YWHJ_DM, CYBJ, GZL_BZ, CFDK, DKWZ, SHOWLEFT, SHOWTOP, SHOWINTREE, SYSTEMNAME, YXBZ
   FROM QX_GNMK_TREE INNER JOIN QX_GNMK ON QX_GNMK_TREE.GNMK_DM=QX_GNMK.GNMK_DM;



-- 创建表: 功能模板的功能模块(角色的资源)
CREATE TABLE QX_GNMB_GNMK
(
  GNMB_DM  VARCHAR(11) NOT NULL,
  GNMK_DM  VARCHAR(256) NOT NULL,
  JD_DM    VARCHAR(21) NOT NULL,
  FJD_DM   VARCHAR(21) NOT NULL,
  JD_MC    VARCHAR(80) NOT NULL,
  JD_ORDER INTEGER DEFAULT 0 NOT NULL
)
;
COMMENT ON COLUMN QX_GNMB_GNMK.GNMB_DM IS '功能模板代码';
COMMENT ON COLUMN QX_GNMB_GNMK.GNMK_DM IS '功能模块代码';
COMMENT ON COLUMN QX_GNMB_GNMK.JD_DM IS '节点名称';
COMMENT ON COLUMN QX_GNMB_GNMK.FJD_DM IS '节点代码';
COMMENT ON COLUMN QX_GNMB_GNMK.JD_MC IS '父节点代码';
ALTER TABLE QX_GNMB_GNMK
  ADD CONSTRAINT PK_QX_GNMB_GNMK PRIMARY KEY (GNMB_DM, GNMK_DM, JD_DM, FJD_DM);
ALTER TABLE QX_GNMB_GNMK
  ADD CONSTRAINT FK_QX_GNMB_GNMK_GNMB_DM FOREIGN KEY (GNMB_DM)
  REFERENCES QX_GNMB (GNMB_DM);
ALTER TABLE QX_GNMB_GNMK
  ADD CONSTRAINT FK_QX_GNMB_GNMK_GNMK_DM FOREIGN KEY (GNMK_DM)
  REFERENCES QX_GNMK (GNMK_DM);


CREATE TABLE QX_GNMB_GNMK_OPERATION
(
    GNMB_DM                         VARCHAR(11)                 NOT NULL,
    GNMK_DM                         VARCHAR(256)                NOT NULL,
    OPERATION_DM                    VARCHAR(256)                NOT NULL,
    OPERATIONAUTH_ID                VARCHAR(21),
    CONSTRAINT PK_QX_GNMB_GNMK_OPERATION PRIMARY KEY (GNMB_DM, GNMK_DM, OPERATION_DM),
    CONSTRAINT FK_QX_GNMB_GNMK_O_GNMB_DM FOREIGN KEY (GNMB_DM) REFERENCES QX_GNMB (GNMB_DM) ON DELETE CASCADE,
        CONSTRAINT FK_QX_GNMB_GNMK_O_GNMK_DM FOREIGN KEY (GNMK_DM) REFERENCES QX_GNMK (GNMK_DM) ON DELETE CASCADE
);


COMMENT ON TABLE QX_GNMB_GNMK_OPERATION IS '权限功能模板功能模块操作';
COMMENT ON COLUMN QX_GNMB_GNMK_OPERATION.GNMB_DM IS '功能模板代码';
COMMENT ON COLUMN QX_GNMB_GNMK_OPERATION.GNMK_DM IS '功能模块代码';
COMMENT ON COLUMN QX_GNMB_GNMK_OPERATION.OPERATION_DM IS '操作代码';

CREATE TABLE QX_GNMB_SX_JG
(
  GNMB_DM  VARCHAR(11) NOT NULL,
  JG_DM    VARCHAR(15) NOT NULL,
  QX_JG_DM VARCHAR(15) NOT NULL,
  GW_DM    VARCHAR(15) NOT NULL
)
;
COMMENT ON TABLE QX_GNMB_SX_JG IS '权限－功能模板(角色)的机关属性设置(用于根据角色批量生成岗位)';
COMMENT ON COLUMN QX_GNMB_SX_JG.GNMB_DM IS '功能模板代码';
COMMENT ON COLUMN QX_GNMB_SX_JG.JG_DM IS '机关代码';
COMMENT ON COLUMN QX_GNMB_SX_JG.QX_JG_DM IS '权限机关代码';
COMMENT ON COLUMN QX_GNMB_SX_JG.GW_DM IS '岗位代码';
ALTER TABLE QX_GNMB_SX_JG
  ADD CONSTRAINT PK_QX_GNMB_SX_JG PRIMARY KEY (GNMB_DM, JG_DM);
ALTER TABLE QX_GNMB_SX_JG
  ADD CONSTRAINT FK_QX_GNMB_SX_JG_GNMB_DM FOREIGN KEY (GNMB_DM)
  REFERENCES QX_GNMB (GNMB_DM);




CREATE TABLE WSQCZCLFS
(
    WSQCZCLFS_DM                         VARCHAR(16)        DEFAULT '00' NOT NULL,
    WSQCZCLFS_MC                         VARCHAR(256)       DEFAULT '未授权操作方式' NOT NULL,
    YXBZ                                 CHAR(1)             DEFAULT 'Y' NOT NULL,
    XYBZ                                 CHAR(1)             DEFAULT 'Y' NOT NULL,
    CONSTRAINT PK_WSQCZCLFS PRIMARY KEY (WSQCZCLFS_DM)
);

COMMENT ON TABLE WSQCZCLFS IS '未授权操作处理方式';
COMMENT ON COLUMN WSQCZCLFS.WSQCZCLFS_DM IS '未授权操作处理方式代码';
COMMENT ON COLUMN WSQCZCLFS.WSQCZCLFS_MC IS '未授权操作处理方式名称';
COMMENT ON COLUMN WSQCZCLFS.YXBZ IS '有效标志';
COMMENT ON COLUMN WSQCZCLFS.XYBZ IS '选用标志';



CREATE TABLE QX_OPERATION
(
    OPERATION_DM                         VARCHAR(256)            NOT NULL,
    OPERATION_MC                         VARCHAR(120)            DEFAULT '操作' NOT NULL,
    GNMK_DM                              VARCHAR(256)            NOT NULL,
    OPERATION_DESCRIPTION                VARCHAR(256),
    YXBZ                                 CHAR(1)                  DEFAULT 'Y' NOT NULL,
    WSQCZCLFS_DM                         VARCHAR(16)             DEFAULT '00' NOT NULL,
    CONSTRAINT PK_QX_OPERATION PRIMARY KEY (OPERATION_DM, GNMK_DM),
    CONSTRAINT FK_QX_OPERATION_GNMK_DM FOREIGN KEY (GNMK_DM) REFERENCES QX_GNMK (GNMK_DM) ON DELETE CASCADE
);

COMMENT ON TABLE QX_OPERATION IS '操作';
COMMENT ON COLUMN QX_OPERATION.OPERATION_DM IS '操作代码';
COMMENT ON COLUMN QX_OPERATION.OPERATION_MC IS '操作名称';
COMMENT ON COLUMN QX_OPERATION.GNMK_DM IS '功能模块代码';
COMMENT ON COLUMN QX_OPERATION.OPERATION_DESCRIPTION IS '操作描述';
COMMENT ON COLUMN QX_OPERATION.YXBZ IS '有效标志';
COMMENT ON COLUMN QX_OPERATION.WSQCZCLFS_DM IS '未授权操作处理方式代码';



CREATE OR REPLACE FUNCTION P_GET_JDH(
    OUT ac_jdh VARCHAR(100),
    OUT rt INTEGER
)
AS $$
BEGIN
    SELECT CSNR INTO ac_jdh FROM XT_XTCS WHERE CSXH = '10001' AND JG_DM = 'PUBLIC';
    IF ac_jdh IS NULL THEN
        RAISE EXCEPTION '没有初始化"节点号"[CSXH = ''10001'']系统参数！';
    END IF;

    rt := 100;
END;
$$ LANGUAGE plpgsql;


CREATE OR REPLACE FUNCTION P_GET_JD_DM(
    AC_FULL VARCHAR,
    AC_FLAG VARCHAR
)
RETURNS VARCHAR(30) AS $$
DECLARE
    LC_FULL     VARCHAR(1000);
    LN_POS      INTEGER;
    LC_JD_MC    VARCHAR(1000);
    LC_FJD_DM   VARCHAR(30);
BEGIN
    LC_FULL := AC_FULL;
    LC_FJD_DM := '0';
    LOOP
        LN_POS := POSITION('~' IN LC_FULL);
        IF LN_POS = 0 THEN
            LC_JD_MC := LC_FULL;
        ELSE
            LC_JD_MC := SUBSTR(LC_FULL, 1, LN_POS - 1);
            LC_FULL := SUBSTR(LC_FULL, LN_POS + 1);
        END IF;
        BEGIN
            IF AC_FLAG = '0' THEN
                SELECT JD_DM INTO LC_FJD_DM FROM QX_GNMK_TREE WHERE FJD_DM = LC_FJD_DM AND JD_MC = LC_JD_MC;
            ELSE
                SELECT JD_DM INTO LC_FJD_DM FROM QX_GNMB_GNMK WHERE FJD_DM = LC_FJD_DM AND JD_MC = LC_JD_MC AND GNMB_DM = '00000000001';
            END IF;
        EXCEPTION
            WHEN OTHERS THEN
                DECLARE
                    v_error_msg VARCHAR;
                BEGIN
                    GET STACKED DIAGNOSTICS v_error_msg = MESSAGE_TEXT;
                    RAISE EXCEPTION '查找路径名称错误：%？%', LC_JD_MC, v_error_msg;
                END;
        END;
        IF LN_POS = 0 THEN
            RETURN LC_FJD_DM;
        END IF;
    END LOOP;
END;
$$ LANGUAGE plpgsql;

CREATE OR REPLACE FUNCTION P_GET_JD_NEW(
    AC_FJD_DM VARCHAR,
    AC_JD_MC  VARCHAR,
    AC_FLAG   VARCHAR
)
RETURNS VARCHAR(30)
AS $$
DECLARE
    LN_ROW    INTEGER;
    LN_COUNT  INTEGER;
BEGIN
    IF AC_FLAG = '0' THEN
        SELECT COUNT(*) INTO LN_ROW FROM QX_GNMK_TREE WHERE JD_DM = AC_FJD_DM AND (JDLX_DM = '01' OR JDLX_DM = '0');
        IF LN_ROW <> 1 THEN
            RAISE EXCEPTION '父节点代码：% 不是目录，无法向下扩展', AC_FJD_DM;
        END IF;

        SELECT COUNT(*) INTO LN_ROW FROM QX_GNMK_TREE WHERE FJD_DM = AC_FJD_DM AND JD_MC = AC_JD_MC;
        IF LN_ROW > 0 THEN
            RAISE EXCEPTION '节点名称重复：%', AC_JD_MC;
        END IF;

        IF LENGTH(AC_FJD_DM) > 18 THEN
            SELECT MAX(JD_DM) + 1 INTO LN_ROW FROM QX_GNMK_TREE WHERE JD_DM >= '0' AND JD_DM <= '9';
            RETURN LN_ROW::VARCHAR(30);
        ELSE
            SELECT MAX(JD_ORDER) INTO LN_ROW FROM QX_GNMK_TREE WHERE FJD_DM = AC_FJD_DM;
            IF LN_ROW IS NULL THEN
                LN_ROW := 1;
            ELSIF LN_ROW >= 999 THEN
                RAISE EXCEPTION '下属节点超过999，无法扩展！';
            ELSE
                LN_ROW := LN_ROW + 1;
            END IF;

            SELECT COUNT(*) INTO LN_COUNT FROM QX_GNMK_TREE WHERE JD_DM = AC_FJD_DM || LPAD(LN_ROW::VARCHAR(30), 3, '0');
            WHILE LN_COUNT > 0 LOOP
                LN_ROW := LN_ROW + 1;
                SELECT COUNT(*) INTO LN_COUNT FROM QX_GNMK_TREE WHERE JD_DM = AC_FJD_DM || LPAD(LN_ROW::VARCHAR(30), 3, '0');
            END LOOP;

            RETURN AC_FJD_DM || LPAD(LN_ROW::VARCHAR(30), 3, '0');
        END IF;

    ELSE
        SELECT COUNT(*) INTO LN_ROW FROM QX_GNMB_GNMK WHERE JD_DM = AC_FJD_DM AND GNMK_DM = 'FFFFFFFFFFF' AND GNMB_DM = '00000000001';
        IF LN_ROW <> 1 THEN
            RAISE EXCEPTION '父节点代码：% 不是目录，无法向下扩展', AC_FJD_DM;
        END IF;

        SELECT COUNT(*) INTO LN_ROW FROM QX_GNMB_GNMK WHERE FJD_DM = AC_FJD_DM AND JD_MC = AC_JD_MC AND GNMB_DM = '00000000001';
        IF LN_ROW > 0 THEN
            RAISE EXCEPTION '节点名称重复：%', AC_JD_MC;
        END IF;

        IF LENGTH(AC_FJD_DM) > 18 THEN
            SELECT MAX(JD_DM) + 1 INTO LN_ROW FROM QX_GNMB_GNMK WHERE GNMB_DM = '00000000001' AND JD_DM >= '0' AND JD_DM <= '9';
            RETURN LN_ROW::VARCHAR(30);
        ELSE
            SELECT MAX(JD_ORDER) INTO LN_ROW FROM QX_GNMB_GNMK WHERE FJD_DM = AC_FJD_DM AND GNMB_DM = '00000000001';
            IF LN_ROW IS NULL THEN
                LN_ROW := 1;
            ELSIF LN_ROW >= 999 THEN
                RAISE EXCEPTION '下属节点超过999，无法扩展！';
            ELSE
                LN_ROW := LN_ROW + 1;
            END IF;

            SELECT COUNT(*) INTO LN_COUNT FROM QX_GNMB_GNMK WHERE JD_DM = AC_FJD_DM || LPAD(LN_ROW::VARCHAR(30), 3, '0');
            WHILE LN_COUNT > 0 LOOP
                LN_ROW := LN_ROW + 1;
                SELECT COUNT(*) INTO LN_COUNT FROM QX_GNMB_GNMK WHERE JD_DM = AC_FJD_DM || LPAD(LN_ROW::VARCHAR(30), 3, '0');
            END LOOP;

            RETURN AC_FJD_DM || LPAD(LN_ROW::VARCHAR(30), 3, '0');
        END IF;
    END IF;
END;
$$ LANGUAGE plpgsql;

CREATE OR REPLACE FUNCTION P_SEQUENCE_STANDARD(
    IN sequenceName VARCHAR,
    OUT sequenceNo VARCHAR(100),
    OUT ln_return  INTEGER
)
AS $$
DECLARE
    jdno    VARCHAR(4);
BEGIN
    EXECUTE 'select to_char(' || sequenceName || '.nextval)' INTO sequenceNo;

    SELECT P_GET_JDH() INTO jdno, ln_return;
    IF ln_return = 100 THEN
        sequenceNo := LPAD(sequenceNo, 8, '0');
        sequenceNo := jdno || TO_CHAR(CURRENT_TIMESTAMP, 'yy') || '9' || sequenceNo || '000';
    END IF;
END;
$$ LANGUAGE plpgsql;


CREATE OR REPLACE PROCEDURE P_ADD_GNMK(
    AC_FULL    VARCHAR,
    AC_GNMK    CHAR,
    AC_HZMC    VARCHAR,
    AC_LJMC    VARCHAR,
    AC_YWHJ    CHAR,
    AC_MKLX_DM    VARCHAR DEFAULT '05',
    AC_SYSTEMNAME    VARCHAR DEFAULT '系统管理'
)
AS $$
DECLARE
    LC_FJD_DM  VARCHAR(30);
    LC_JD_DM   VARCHAR(30);
    LN_ROW     INTEGER;
BEGIN
    IF AC_GNMK = 'FFFFFFFFFFF' THEN
        RAISE EXCEPTION '增加目录请调用P_ADD_ML';
    END IF;

    BEGIN
        INSERT INTO QX_GNMK (GNMK_DM, GNMK_HZMC, GNMK_LJMC, MKLX_DM, YWHJ_DM, SYSTEMNAME, CYBJ)
        VALUES (AC_GNMK, AC_HZMC, AC_LJMC, AC_MKLX_DM, AC_YWHJ, AC_SYSTEMNAME, 'N');
    EXCEPTION
        WHEN OTHERS THEN
            DECLARE
                v_error_msg VARCHAR;
            BEGIN
                GET STACKED DIAGNOSTICS v_error_msg = MESSAGE_TEXT;
                RAISE EXCEPTION 'GNMK_DM=% ? %', AC_GNMK, v_error_msg;
            END;
    END;

    IF AC_FULL IS NOT NULL THEN
        SELECT P_GET_JD_DM(AC_FULL, '0') INTO LC_FJD_DM;

        SELECT P_GET_JD_NEW(LC_FJD_DM, AC_HZMC, '0') INTO LC_JD_DM;

        SELECT MAX(JD_ORDER) INTO LN_ROW FROM QX_GNMK_TREE WHERE FJD_DM = LC_FJD_DM;
        IF LN_ROW IS NULL THEN
            LN_ROW := 1;
        ELSIF LN_ROW >= 999 THEN
            RAISE EXCEPTION '下属节点超过999，无法扩展！';
        ELSE
            LN_ROW := LN_ROW + 1;
        END IF;
        INSERT INTO QX_GNMK_TREE(JD_DM, FJD_DM, JD_MC, GNMK_DM, JDLX_DM, JD_ORDER)
        VALUES (LC_JD_DM, LC_FJD_DM, AC_HZMC, AC_GNMK, '02', LN_ROW);

        SELECT P_GET_JD_DM(AC_FULL, '1') INTO LC_FJD_DM;

        SELECT P_GET_JD_NEW(LC_FJD_DM, AC_HZMC, '1') INTO LC_JD_DM;

        SELECT MAX(JD_ORDER) INTO LN_ROW FROM QX_GNMB_GNMK WHERE FJD_DM = LC_FJD_DM AND GNMB_DM = '00000000001';
        IF LN_ROW IS NULL THEN
            LN_ROW := 1;
        ELSIF LN_ROW >= 999 THEN
            RAISE EXCEPTION '下属节点超过999，无法扩展！';
        ELSE
            LN_ROW := LN_ROW + 1;
        END IF;
        INSERT INTO QX_GNMB_GNMK(GNMB_DM, JD_DM, FJD_DM, JD_MC, GNMK_DM, JD_ORDER)
        VALUES ('00000000001', LC_JD_DM, LC_FJD_DM, AC_HZMC, AC_GNMK, LN_ROW);
    END IF;
END;
$$ LANGUAGE plpgsql;

CREATE OR REPLACE PROCEDURE P_ADD_ML(
    AC_FULL    VARCHAR,
    AC_HZMC    VARCHAR
)
AS $$
DECLARE
    LC_FJD_DM  VARCHAR(21);
    LC_JD_DM   VARCHAR(21);
    LN_ROW     INTEGER;
BEGIN
    SELECT P_GET_JD_DM(AC_FULL, '0') INTO LC_FJD_DM;
    SELECT COUNT(*) INTO LN_ROW FROM QX_GNMK_TREE WHERE FJD_DM = LC_FJD_DM AND JD_MC = AC_HZMC;
    IF LN_ROW = 0 THEN
        BEGIN
            SELECT P_GET_JD_NEW(LC_FJD_DM, AC_HZMC, '0') INTO LC_JD_DM;

            SELECT MAX(JD_ORDER) INTO LN_ROW FROM QX_GNMK_TREE WHERE FJD_DM = LC_FJD_DM;
            IF LN_ROW IS NULL THEN
                LN_ROW := 1;
            ELSIF LN_ROW >= 999 THEN
                RAISE EXCEPTION '下属节点超过999，无法扩展！';
            ELSE
                LN_ROW := LN_ROW + 1;
            END IF;
            INSERT INTO QX_GNMK_TREE(JD_DM, FJD_DM, JD_MC, GNMK_DM, JDLX_DM, JD_ORDER)
            VALUES (LC_JD_DM, LC_FJD_DM, AC_HZMC, 'FFFFFFFFFFF', '01', LN_ROW);
        END;
    END IF;


    SELECT P_GET_JD_DM(AC_FULL, '1') INTO LC_FJD_DM;
    SELECT COUNT(*) INTO LN_ROW FROM QX_GNMB_GNMK WHERE FJD_DM = LC_FJD_DM AND JD_MC = AC_HZMC AND GNMB_DM = '00000000001';
    IF LN_ROW = 0 THEN
        BEGIN
            SELECT P_GET_JD_NEW(LC_FJD_DM, AC_HZMC, '1') INTO LC_JD_DM;

            SELECT MAX(JD_ORDER) INTO LN_ROW FROM QX_GNMB_GNMK WHERE FJD_DM = LC_FJD_DM AND GNMB_DM = '00000000001';
            IF LN_ROW IS NULL THEN
                LN_ROW := 1;
            ELSIF LN_ROW >= 999 THEN
                RAISE EXCEPTION '下属节点超过999，无法扩展！';
            ELSE
                LN_ROW := LN_ROW + 1;
            END IF;
            INSERT INTO QX_GNMB_GNMK(GNMB_DM, JD_DM, FJD_DM, JD_MC, GNMK_DM, JD_ORDER)
            VALUES ('00000000001', LC_JD_DM, LC_FJD_DM, AC_HZMC, 'FFFFFFFFFFF', LN_ROW);
        END;
    END IF;
END;
$$ LANGUAGE plpgsql;

CREATE OR REPLACE PROCEDURE P_DEL_GNMK(AC_GNMK VARCHAR)
AS $$
BEGIN
    DELETE FROM QX_GNMB_GNMK WHERE GNMK_DM = AC_GNMK;
    DELETE FROM QX_GNMK_TREE WHERE GNMK_DM = AC_GNMK;
    DELETE FROM QX_GNMK WHERE GNMK_DM = AC_GNMK;
END;
$$ LANGUAGE plpgsql;

CREATE OR REPLACE PROCEDURE P_DEL_ML(
    AC_FULL    VARCHAR,
    AC_HZMC    VARCHAR
)
AS $$
DECLARE
    LC_JD_DM   VARCHAR(21);
    LN_ROW     INTEGER;
    v_jd_dm    VARCHAR(21);
BEGIN
    SELECT P_GET_JD_DM(AC_FULL || '~' || AC_HZMC, '0') INTO v_jd_dm;
    LC_JD_DM := v_jd_dm;
    SELECT COUNT(*) INTO LN_ROW FROM QX_GNMK_TREE WHERE FJD_DM = LC_JD_DM;
    IF LN_ROW > 0 THEN
        RAISE EXCEPTION '功能模块树存在下属节点，无法删除！';
    END IF;
    DELETE FROM QX_GNMK_TREE WHERE JD_DM = LC_JD_DM;

    SELECT P_GET_JD_DM(AC_FULL || '~' || AC_HZMC, '1') INTO v_jd_dm;
    LC_JD_DM := v_jd_dm;
    SELECT COUNT(*) INTO LN_ROW FROM QX_GNMK_TREE WHERE FJD_DM = LC_JD_DM;
    IF LN_ROW > 0 THEN
        RAISE EXCEPTION '功能模块树存在下属节点，无法删除！';
    END IF;
    DELETE FROM QX_GNMB_GNMK WHERE GNMB_DM = '00000000001' AND JD_DM = LC_JD_DM;
END;
$$ LANGUAGE plpgsql;

CREATE OR REPLACE PROCEDURE P_ADD_ROOT(
    AC_JD_DM    VARCHAR,
    AC_JD_MC    VARCHAR,
    AC_JD_ORDER INTEGER DEFAULT NULL
)
AS $$
DECLARE
    LN_COUNT INTEGER;
    LN_JD_ORDER INTEGER;
    v_max_order INTEGER;
BEGIN
     IF AC_JD_ORDER IS NULL THEN
        BEGIN
             SELECT MAX(JD_ORDER) INTO v_max_order FROM QX_GNMK_TREE WHERE FJD_DM='0';
             IF v_max_order IS NULL THEN
                LN_JD_ORDER := 1;
             ELSIF v_max_order >= 999 THEN
                RAISE EXCEPTION '根节点超过999，无法扩展！';
             ELSE
                 LN_JD_ORDER := v_max_order + 1;
             END IF;
        END;
     ELSE
        LN_JD_ORDER := AC_JD_ORDER;
     END IF;

     SELECT COUNT(*) INTO LN_COUNT FROM QX_GNMK_TREE WHERE JD_DM=AC_JD_DM;
     IF LN_COUNT = 0 THEN
         INSERT INTO QX_GNMK_TREE(JD_DM, FJD_DM, JD_MC, GNMK_DM, JDLX_DM, JD_ORDER)
         VALUES (AC_JD_DM, '0', AC_JD_MC, 'FFFFFFFFFFF', '01', LN_JD_ORDER);
     END IF;

     SELECT COUNT(*) INTO LN_COUNT FROM QX_GNMB_GNMK WHERE JD_DM=AC_JD_DM AND GNMB_DM='00000000001';
     IF LN_COUNT = 0 THEN
         INSERT INTO QX_GNMB_GNMK(GNMB_DM, GNMK_DM, JD_DM, FJD_DM, JD_MC, JD_ORDER)
         VALUES ('00000000001', 'FFFFFFFFFFF', AC_JD_DM, '0', AC_JD_MC, LN_JD_ORDER);
     END IF;
END;
$$ LANGUAGE plpgsql;


CREATE OR REPLACE PROCEDURE P_DEL_ROOT(
    AC_JD_DM    VARCHAR
)
AS $$
DECLARE
    LN_COUNT INTEGER;
BEGIN
    SELECT COUNT(*) INTO LN_COUNT FROM QX_GNMK_TREE WHERE FJD_DM = AC_JD_DM;
    IF LN_COUNT > 0 THEN
        RAISE EXCEPTION 'QX_GNMK_TREE根节点存在下属节点，无法删除！';
    ELSE
        DELETE FROM QX_GNMK_TREE WHERE JD_DM = AC_JD_DM;
    END IF;

    SELECT COUNT(*) INTO LN_COUNT FROM QX_GNMB_GNMK WHERE FJD_DM = AC_JD_DM;
    IF LN_COUNT > 0 THEN
        RAISE EXCEPTION 'QX_GNMB_GNMK根节点存在下属节点，无法删除！';
    ELSE
        DELETE FROM QX_GNMB_GNMK WHERE JD_DM = AC_JD_DM AND GNMB_DM = '00000000001';
    END IF;
END;
$$ LANGUAGE plpgsql;


DO $$
BEGIN
    CALL P_ADD_ROOT('systemmanage', '系统管理', 90);
    CALL P_ADD_ML('系统管理', '组织权限');
    CALL P_ADD_GNMK('系统管理~组织权限', 'systemmanage.security.org', '机构初始化', '../security/org/zzjg.do?method=tree', '090000');
    CALL P_ADD_GNMK('系统管理~组织权限', 'systemmanage.security.operator', '操作人员初始化', '../security/operator/index.jsp', '090000');
    CALL P_ADD_GNMK('系统管理~组织权限', 'systemmanage.security.resource.reg', '资源注册', '../security/model/zyzc.do?method=queryList', '000000');
    CALL P_ADD_GNMK('系统管理~组织权限', 'systemmanage.security.resource.limitation', '资源时效性', '../work/portal/gnmksxx/GnmksxxBndService.getGnmksxxs.do', '090000');
    CALL P_ADD_GNMK('系统管理~组织权限', 'systemmanage.security.resource.operation', '操作注册', '../security/operation/operation.do', '090000');
    CALL P_ADD_GNMK('系统管理~组织权限', 'systemmanage.security.role', '角色设置', '../security/role/jssz.do?method=init', '090000');
    CALL P_ADD_GNMK('系统管理~组织权限', 'systemmanage.security.position', '岗位设置', '../security/position/gwsz.do?method=gwszPageInit', '090000');
    CALL P_ADD_GNMK('系统管理~组织权限', 'systemmanage.security.user', '用户设置', '../security/user/user.do', '090000');
END;
$$ LANGUAGE plpgsql;

-- 创建表: 单位隶属关系
CREATE TABLE DM_DWLSGX
(
  DWLSGX_DM VARCHAR(2) NOT NULL,
  DWLSGX_MC VARCHAR(50) NOT NULL,
  DWLSGX_SM VARCHAR(256),
  XYBZ      CHAR(1) DEFAULT 'Y' NOT NULL,
  YXBZ      CHAR(1) DEFAULT 'Y' NOT NULL
)
;
COMMENT ON TABLE DM_DWLSGX IS '单位隶属关系代码';
COMMENT ON COLUMN DM_DWLSGX.DWLSGX_DM IS '单位隶属关系代码';
COMMENT ON COLUMN DM_DWLSGX.DWLSGX_MC IS '单位隶属关系名称';
COMMENT ON COLUMN DM_DWLSGX.DWLSGX_SM IS '单位隶属关系说明';
COMMENT ON COLUMN DM_DWLSGX.XYBZ IS '选用标志';
COMMENT ON COLUMN DM_DWLSGX.YXBZ IS '有效标志';

CREATE OR REPLACE VIEW V_DM_DWLSGX AS
  SELECT DWLSGX_DM, DWLSGX_MC, XYBZ, YXBZ
  FROM DM_DWLSGX
  WHERE YXBZ = 'Y' AND XYBZ = 'Y';

INSERT INTO DM_DWLSGX (DWLSGX_DM, DWLSGX_MC, DWLSGX_SM, XYBZ, YXBZ)
  VALUES ('10', '中央            ', '包括全国人大常委会、中共中央、国务院各部委及其所属机构，国务院各直属机构、办事机构及其所属机构', 'Y', 'Y');
INSERT INTO DM_DWLSGX (DWLSGX_DM, DWLSGX_MC, DWLSGX_SM, XYBZ, YXBZ)
  VALUES ('20', '省              ', '包括自治区、直辖市', 'Y', 'Y');
INSERT INTO DM_DWLSGX (DWLSGX_DM, DWLSGX_MC, DWLSGX_SM, XYBZ, YXBZ)
  VALUES ('40', '市、地区        ', '包括自治州、盟、省辖市、直辖市辖区（县）', 'Y', 'Y');
INSERT INTO DM_DWLSGX (DWLSGX_DM, DWLSGX_MC, DWLSGX_SM, XYBZ, YXBZ)
  VALUES ('50', '县              ', '包括地(州、盟)辖市、省辖市辖区、自治县（旗）、旗、县级市', 'Y', 'Y');
INSERT INTO DM_DWLSGX (DWLSGX_DM, DWLSGX_MC, DWLSGX_SM, XYBZ, YXBZ)
  VALUES ('60', '街道、镇、乡    ', NULL, 'Y', 'Y');
INSERT INTO DM_DWLSGX (DWLSGX_DM, DWLSGX_MC, DWLSGX_SM, XYBZ, YXBZ)
  VALUES ('61', '街道            ', NULL, 'Y', 'Y');
INSERT INTO DM_DWLSGX (DWLSGX_DM, DWLSGX_MC, DWLSGX_SM, XYBZ, YXBZ)
  VALUES ('62', '镇              ', NULL, 'Y', 'Y');
INSERT INTO DM_DWLSGX (DWLSGX_DM, DWLSGX_MC, DWLSGX_SM, XYBZ, YXBZ)
  VALUES ('63', '乡              ', NULL, 'Y', 'Y');
INSERT INTO DM_DWLSGX (DWLSGX_DM, DWLSGX_MC, DWLSGX_SM, XYBZ, YXBZ)
  VALUES ('70', '居民、村民委员会', NULL, 'Y', 'Y');
INSERT INTO DM_DWLSGX (DWLSGX_DM, DWLSGX_MC, DWLSGX_SM, XYBZ, YXBZ)
  VALUES ('71', '居民委员会      ', NULL, 'Y', 'Y');
INSERT INTO DM_DWLSGX (DWLSGX_DM, DWLSGX_MC, DWLSGX_SM, XYBZ, YXBZ)
  VALUES ('72', '村民委员会      ', NULL, 'Y', 'Y');
INSERT INTO DM_DWLSGX (DWLSGX_DM, DWLSGX_MC, DWLSGX_SM, XYBZ, YXBZ)
  VALUES ('80', '组              ', NULL, 'Y', 'Y');
INSERT INTO DM_DWLSGX (DWLSGX_DM, DWLSGX_MC, DWLSGX_SM, XYBZ, YXBZ)
  VALUES ('90', '其他            ', NULL, 'Y', 'Y');

-- 创建表: 机构
CREATE TABLE DM_JG
(
  JG_DM     VARCHAR(15) NOT NULL,
  JG_MC     VARCHAR(80) NOT NULL,
  JG_JC     VARCHAR(50) NOT NULL,
  JG_BZ     CHAR(1) NOT NULL,
  SJ_JG_DM  VARCHAR(15) NOT NULL,
  DWLSGX_DM VARCHAR(2) NOT NULL,
  JG_JG     VARCHAR(10),
  JGYB      VARCHAR(6),
  JGDZ      VARCHAR(80),
  JGDH      VARCHAR(30),
  CZDH      VARCHAR(30),
  DYDZ      VARCHAR(50),
  XZQH_DM   VARCHAR(15),
  JGFZR_DM  VARCHAR(11),
  JBDM      VARCHAR(30) NOT NULL,
  JCDM      CHAR(1) NOT NULL,
  XYBZ      CHAR(1) DEFAULT 'Y' NOT NULL,
  YXBZ      CHAR(1) DEFAULT 'Y' NOT NULL
)
;
COMMENT ON TABLE DM_JG IS '机构';
COMMENT ON COLUMN DM_JG.JG_DM IS '机构代码';
COMMENT ON COLUMN DM_JG.JG_MC IS '机构名称';
COMMENT ON COLUMN DM_JG.JG_JC IS '机构简称';
COMMENT ON COLUMN DM_JG.JG_BZ IS '机构标志';
COMMENT ON COLUMN DM_JG.SJ_JG_DM IS '上级机构代码';
COMMENT ON COLUMN DM_JG.DWLSGX_DM IS '机构级次代码';
COMMENT ON COLUMN DM_JG.JG_JG IS '机构局轨';
COMMENT ON COLUMN DM_JG.JGYB IS '机构邮编';
COMMENT ON COLUMN DM_JG.JGDZ IS '机构地址';
COMMENT ON COLUMN DM_JG.JGDH IS '机构电话';
COMMENT ON COLUMN DM_JG.CZDH IS '传真电话';
COMMENT ON COLUMN DM_JG.DYDZ IS '电邮地址';
COMMENT ON COLUMN DM_JG.XZQH_DM IS '行政区划代码';
COMMENT ON COLUMN DM_JG.JGFZR_DM IS '负责人';
COMMENT ON COLUMN DM_JG.JBDM IS '级别代码';
COMMENT ON COLUMN DM_JG.JCDM IS '级次代码';
COMMENT ON COLUMN DM_JG.XYBZ IS '选用标志';
COMMENT ON COLUMN DM_JG.YXBZ IS '有效标志';
ALTER TABLE DM_JG ADD CONSTRAINT PK_DM_JG PRIMARY KEY (JG_DM);
ALTER TABLE DM_JG ADD CONSTRAINT CHK_DM_JG_1 CHECK (JG_BZ = 'J' OR JG_BZ = 'B' OR JG_BZ = 'Q');
CREATE UNIQUE INDEX IDX_DM_JG_JBDM ON DM_JG (JBDM);

CREATE OR REPLACE VIEW V_DM_JG AS
  SELECT JG_DM, JG_MC, JG_JC, JG_BZ, SJ_JG_DM, DWLSGX_DM, JG_JG, JGYB, JGDZ, JGDH, CZDH, DYDZ, XZQH_DM, JGFZR_DM, JBDM, JCDM, XYBZ, YXBZ
  FROM DM_JG WHERE YXBZ = 'Y' AND XYBZ = 'Y' ORDER BY JG_DM;

CREATE OR REPLACE VIEW V_DM_BM AS
  SELECT JG_DM, JG_MC, JG_JC, JG_BZ, SJ_JG_DM, DWLSGX_DM, JG_JG, JGYB, JGDZ, JGDH, CZDH, DYDZ, XZQH_DM, JGFZR_DM, JBDM, JCDM, XYBZ, YXBZ
  FROM DM_JG WHERE YXBZ = 'Y' AND XYBZ = 'Y' AND JG_BZ = 'B';


insert into DM_JG (JG_DM, JG_MC, JG_JC, JG_BZ, SJ_JG_DM, DWLSGX_DM, JG_JG, JGYB, JGDZ, JGDH, CZDH, DYDZ, XZQH_DM, JGFZR_DM, JBDM, JCDM, XYBZ, YXBZ)
values ('000000000000000', '国家管理中心', '国家管理中心', 'J', '999999999999999', '10', null, '100000', '北京市', '010-63417114', '34', null, '000000000000000', '00000000000', '0000', '0', 'Y', 'Y');


CREATE TABLE QX_JG_QXJG
(
  JG_DM    VARCHAR(15) NOT NULL,
  QX_JG_DM VARCHAR(15) NOT NULL
)
;
ALTER TABLE QX_JG_QXJG ADD CONSTRAINT PK_QX_JG_QXJG PRIMARY KEY (JG_DM);


-- 创建表: 操作人员
CREATE TABLE DM_CZRY
(
  CZRY_DM VARCHAR(11) NOT NULL,
  JG_DM   VARCHAR(15) NOT NULL,
  CZRY_MC VARCHAR(30) NOT NULL,
  XYBZ    CHAR(1) DEFAULT 'Y' NOT NULL,
  YXBZ    CHAR(1) DEFAULT 'Y' NOT NULL,
  ZJHM    VARCHAR(18),
  ADDRESS VARCHAR(80),
  DHHM    VARCHAR(30),
  SJHM    VARCHAR(30),
  EMAIL   VARCHAR(50)
)
;
COMMENT ON TABLE DM_CZRY IS '操作人员代码';
COMMENT ON COLUMN DM_CZRY.CZRY_DM IS '操作人员代码';
COMMENT ON COLUMN DM_CZRY.JG_DM IS '机构代码';
COMMENT ON COLUMN DM_CZRY.CZRY_MC IS '操作人员名称';
COMMENT ON COLUMN DM_CZRY.XYBZ IS '选用标志';
COMMENT ON COLUMN DM_CZRY.YXBZ IS '有效标志';
ALTER TABLE DM_CZRY ADD CONSTRAINT PK_DM_CZRY PRIMARY KEY (CZRY_DM);
ALTER TABLE DM_CZRY ADD CONSTRAINT FK_DM_CZRY_JG_DM FOREIGN KEY (JG_DM) REFERENCES DM_JG (JG_DM);

INSERT INTO DM_CZRY (CZRY_DM, JG_DM, CZRY_MC, XYBZ, YXBZ, ZJHM, ADDRESS, DHHM, SJHM, EMAIL)
  VALUES ('00000000000', '000000000000000', '超级管理员', 'Y', 'Y', NULL, NULL, NULL, NULL, NULL);

-- 创建表: 用户
CREATE TABLE QX_USER
(
  USERID    VARCHAR(11) NOT NULL,
  NAME      VARCHAR(30) NOT NULL,
  CZRY_DM   VARCHAR(11) NOT NULL,
  PASSWORD  VARCHAR(40) NOT NULL,
  KLLX      VARCHAR(2) NOT NULL,
  PWRQQ     TIMESTAMP,
  PWRQZ     TIMESTAMP,
  GRANTROLE CHAR(1)
)
;
ALTER TABLE QX_USER ADD CONSTRAINT PK_QX_USER PRIMARY KEY (USERID);
ALTER TABLE QX_USER ADD CONSTRAINT FK_QX_USER_RY_DM FOREIGN KEY (CZRY_DM) REFERENCES DM_CZRY (CZRY_DM);
COMMENT ON TABLE QX_USER IS '用户';
COMMENT ON COLUMN QX_USER.USERID IS '用户ID';
COMMENT ON COLUMN QX_USER.NAME IS '用户名';
COMMENT ON COLUMN QX_USER.CZRY_DM IS '人员代码';
COMMENT ON COLUMN QX_USER.PASSWORD IS '口令';
COMMENT ON COLUMN QX_USER.KLLX IS '口令类型';
COMMENT ON COLUMN QX_USER.PWRQQ IS '口令起始日期';
COMMENT ON COLUMN QX_USER.PWRQZ IS '口令终止日期';
COMMENT ON COLUMN QX_USER.GRANTROLE IS '角色授权标记';

INSERT INTO QX_USER (USERID, NAME, CZRY_DM, PASSWORD, KLLX, PWRQQ, PWRQZ, GRANTROLE)
  VALUES ('00000000000', 'admin', '00000000000', 'M0hn9rFM+RSrf8iOFvT9+5U1AcXah/ecrLo/Mg==', '1 ', '2007-08-05', '2007-08-31', '0');

-- 创建表: 用户的岗位
CREATE TABLE QX_USER_GW
(
  USERID VARCHAR(11) NOT NULL,
  GW_DM  VARCHAR(15) NOT NULL
)
;
COMMENT ON COLUMN QX_USER_GW.USERID IS '用户ID';
COMMENT ON COLUMN QX_USER_GW.GW_DM IS '岗位代码';
ALTER TABLE QX_USER_GW ADD CONSTRAINT PK_QX_USER_GW PRIMARY KEY (USERID, GW_DM);
ALTER TABLE QX_USER_GW ADD CONSTRAINT FK_QX_USER_GW_GW_DM FOREIGN KEY (GW_DM) REFERENCES QX_GW (GW_DM);
ALTER TABLE QX_USER_GW ADD CONSTRAINT FK_QX_USER_GW_USERID FOREIGN KEY (USERID) REFERENCES QX_USER (USERID);

INSERT INTO QX_USER_GW (USERID, GW_DM) VALUES ('00000000000', '000000000000000');

CREATE OR REPLACE FUNCTION ISYSZ(
    rydm VARCHAR
)
RETURNS VARCHAR(1) AS $$
DECLARE
    rynum INTEGER;
BEGIN
    SELECT COUNT(*) INTO rynum FROM QX_USER u WHERE u.CZRY_DM = rydm;
    IF rynum > 0 THEN
        RETURN '1';
    ELSE
        RETURN '0';
    END IF;
END;
$$ LANGUAGE plpgsql;

CREATE OR REPLACE VIEW V_DM_CZRY AS
  SELECT dm_czry.CZRY_DM, CZRY_MC, JG_DM, ZJHM, ADDRESS, DHHM, SJHM, EMAIL, ISYSZ(dm_czry.CZRY_DM) AS isysz,
         qx_user.USERID AS USERID
  FROM dm_czry LEFT JOIN qx_user ON dm_czry.CZRY_DM = qx_user.CZRY_DM;


-- 创建表: 公共消息
CREATE TABLE MESSAGE_COMMON
(
  ID         VARCHAR(40) NOT NULL,
  QX_JG_DM   VARCHAR(15) NOT NULL,
  CZRY_MC    VARCHAR(60),
  CZRY_DM    VARCHAR(11) NOT NULL,
  CZ_DATE    TIMESTAMP DEFAULT CURRENT_TIMESTAMP NOT NULL,
  ISSUE_FLAG CHAR(1) DEFAULT '0' NOT NULL,
  PRIORITY   CHAR(1) DEFAULT '0' NOT NULL,
  CONTENT    VARCHAR(400)
)
;
ALTER TABLE MESSAGE_COMMON ADD PRIMARY KEY (ID);
COMMENT ON TABLE MESSAGE_COMMON IS '公共消息';
COMMENT ON COLUMN MESSAGE_COMMON.ISSUE_FLAG IS '发布标识：0草稿 1发布';
COMMENT ON COLUMN MESSAGE_COMMON.PRIORITY IS '消息类型 0普通 3重要';


-- 创建表:
CREATE TABLE MESSAGE_COMMON_OTM
(
  ID       VARCHAR(40) NOT NULL,
  QX_JG_DM VARCHAR(15) NOT NULL
)
;
ALTER TABLE MESSAGE_COMMON_OTM ADD CONSTRAINT PK_MESSAGE_COMMON_OTM PRIMARY KEY (ID, QX_JG_DM);
ALTER TABLE MESSAGE_COMMON_OTM ADD CONSTRAINT FK_MESSAGE_COMMON_OTM FOREIGN KEY (ID) REFERENCES MESSAGE_COMMON (ID);


INSERT INTO MESSAGE_COMMON (ID, QX_JG_DM, CZRY_MC, CZRY_DM, CZ_DATE, ISSUE_FLAG, PRIORITY, CONTENT)
  VALUES ('8a8118e2-15a11f28-0115-a122ce44-0001', '000000000000000', 'ds_admin', '00000000000', '2007-10-18 09:47:12', '1', '0', '欢迎使用ADP应用开发平台，请尽快完成系统初始化工作。');

INSERT INTO MESSAGE_COMMON_OTM (ID, QX_JG_DM)
  VALUES ('8a8118e2-15a11f28-0115-a122ce44-0001', '000000000000000');


DO $$
BEGIN
    CALL P_ADD_ROOT('systemmanage', '系统管理', 90);
    CALL P_ADD_ML('系统管理', '系统初始化');
    CALL P_ADD_GNMK('系统管理~系统初始化', 'message.common', '公共消息维护', '../work/message/common/index.jsp', '090000');
END;
$$ LANGUAGE plpgsql;

CREATE TABLE print_template
(
  templateId        VARCHAR(32)     NOT NULL,
  templateName      VARCHAR(100)    NOT NULL,
  templateVersion   INTEGER         NOT NULL,
  expiredDate       TIMESTAMP       NOT NULL,
  templateContent   BYTEA  NOT NULL
);
ALTER TABLE print_template ADD CONSTRAINT PK_component_print PRIMARY KEY (templateId);

COMMENT ON TABLE print_template IS '打印模板';
COMMENT ON COLUMN print_template.templateId IS '模板ID';
COMMENT ON COLUMN print_template.templateName IS '模板名称';
COMMENT ON COLUMN print_template.templateVersion IS '版本号';
COMMENT ON COLUMN print_template.expiredDate IS '有效期';
COMMENT ON COLUMN print_template.templateContent IS '模板内容';


DO $$
BEGIN
    CALL P_ADD_ROOT('systemmanage', '系统管理', 90);
    CALL P_ADD_ML('系统管理', '系统初始化');
    CALL P_ADD_GNMK('系统管理~系统初始化', 'systemmanage.int.print', '打印模板管理', '../print/listPrintTemplate.iface', '000000');
END;
$$ LANGUAGE plpgsql;

-- 创建表: 处理状态代码
CREATE TABLE PI_DM_CLZT
(
  PI_CLZT_DM VARCHAR(2) NOT NULL,
  PI_CLZT_MC VARCHAR(20)
)
;
COMMENT ON TABLE PI_DM_CLZT IS '处理状态';
COMMENT ON COLUMN PI_DM_CLZT.PI_CLZT_DM IS '处理状态代码';
COMMENT ON COLUMN PI_DM_CLZT.PI_CLZT_MC IS '处理状态名称';
ALTER TABLE PI_DM_CLZT ADD CONSTRAINT PK_PI_DM_CLZT PRIMARY KEY (PI_CLZT_DM);

INSERT INTO PI_DM_CLZT (PI_CLZT_DM, PI_CLZT_MC) VALUES ('10', '准备执行');
INSERT INTO PI_DM_CLZT (PI_CLZT_DM, PI_CLZT_MC) VALUES ('15', '正在执行');
INSERT INTO PI_DM_CLZT (PI_CLZT_DM, PI_CLZT_MC) VALUES ('20', '堵塞');
INSERT INTO PI_DM_CLZT (PI_CLZT_DM, PI_CLZT_MC) VALUES ('21', '取消');
INSERT INTO PI_DM_CLZT (PI_CLZT_DM, PI_CLZT_MC) VALUES ('29', '执行失败');
INSERT INTO PI_DM_CLZT (PI_CLZT_DM, PI_CLZT_MC) VALUES ('99', '成功结束');

-- 创建表: 时间频度代码
CREATE TABLE PI_DM_SJPD
(
  PI_SJPD_DM VARCHAR(2) NOT NULL,
  PI_SJPD_MC VARCHAR(10) NOT NULL
)
;
COMMENT ON TABLE PI_DM_SJPD IS '时间频度代码';
COMMENT ON COLUMN PI_DM_SJPD.PI_SJPD_DM IS '时间频度代码';
COMMENT ON COLUMN PI_DM_SJPD.PI_SJPD_MC IS '时间频度名称';
ALTER TABLE PI_DM_SJPD ADD CONSTRAINT PK_PI_DM_SJPD PRIMARY KEY (PI_SJPD_DM);

INSERT INTO PI_DM_SJPD (PI_SJPD_DM, PI_SJPD_MC) VALUES ('02', '分');
INSERT INTO PI_DM_SJPD (PI_SJPD_DM, PI_SJPD_MC) VALUES ('04', '小时');
INSERT INTO PI_DM_SJPD (PI_SJPD_DM, PI_SJPD_MC) VALUES ('11', '天');
INSERT INTO PI_DM_SJPD (PI_SJPD_DM, PI_SJPD_MC) VALUES ('16', '周');
INSERT INTO PI_DM_SJPD (PI_SJPD_DM, PI_SJPD_MC) VALUES ('20', '月');
INSERT INTO PI_DM_SJPD (PI_SJPD_DM, PI_SJPD_MC) VALUES ('29', '月末');

-- 创建表: 任务
CREATE TABLE PI_TASK
(
  RWH      VARCHAR(20) NOT NULL,
  TITLE    VARCHAR(80) NOT NULL,
  GROUPID  VARCHAR(20) NOT NULL,
  YXJB     INTEGER NOT NULL,
  ZCYDSBZ  VARCHAR(1) NOT NULL,
  REDO     VARCHAR(1) NOT NULL,
  EXECUTOR VARCHAR(4000) NOT NULL
)
;
COMMENT ON TABLE PI_TASK IS '任务';
COMMENT ON COLUMN PI_TASK.RWH IS '任务号';
COMMENT ON COLUMN PI_TASK.TITLE IS '任务描述';
COMMENT ON COLUMN PI_TASK.GROUPID IS '所属组ID';
COMMENT ON COLUMN PI_TASK.YXJB IS '任务优先级';
COMMENT ON COLUMN PI_TASK.ZCYDSBZ IS '堵塞标志';
COMMENT ON COLUMN PI_TASK.REDO IS '失败后是否重做';
COMMENT ON COLUMN PI_TASK.EXECUTOR IS '执行体';
ALTER TABLE PI_TASK ADD CONSTRAINT PK_PI_TASK PRIMARY KEY (RWH);


-- 创建表: 任务组
CREATE TABLE PI_TASK_GROUP
(
  GROUPID VARCHAR(20) NOT NULL,
  GYXJB   INTEGER NOT NULL,
  GTITLE  VARCHAR(80) NOT NULL,
  YWHJ_DM VARCHAR(6) NOT NULL,
  LRR_DM  VARCHAR(11) NOT NULL,
  LRRQ    TIMESTAMP NOT NULL
)
;
COMMENT ON TABLE PI_TASK_GROUP IS '任务组定义';
COMMENT ON COLUMN PI_TASK_GROUP.GROUPID IS '组ID';
COMMENT ON COLUMN PI_TASK_GROUP.GYXJB IS '组优先级';
COMMENT ON COLUMN PI_TASK_GROUP.GTITLE IS '组描述';
COMMENT ON COLUMN PI_TASK_GROUP.YWHJ_DM IS '业务环节代码';
COMMENT ON COLUMN PI_TASK_GROUP.LRR_DM IS '录入人';
COMMENT ON COLUMN PI_TASK_GROUP.LRRQ IS '录入日期';
ALTER TABLE PI_TASK_GROUP ADD CONSTRAINT PK_PI_TASK_GROUP PRIMARY KEY (GROUPID);


-- 创建表: 任务调度
CREATE TABLE PI_TASK_SCHEDULE
(
  DDH        VARCHAR(20) NOT NULL,
  PH         VARCHAR(20) NOT NULL,
  RWH        VARCHAR(20) NOT NULL,
  SJXLH      VARCHAR(20),
  PI_CLZT_DM VARCHAR(2) NOT NULL,
  REDO       VARCHAR(1) NOT NULL,
  CLXX       VARCHAR(250),
  KSSJ       TIMESTAMP,
  JSSJ       TIMESTAMP,
  LRRQ       TIMESTAMP NOT NULL,
  BZ         VARCHAR(200)
)
;
COMMENT ON TABLE PI_TASK_SCHEDULE IS '任务调度信息';
COMMENT ON COLUMN PI_TASK_SCHEDULE.DDH IS '调度号';
COMMENT ON COLUMN PI_TASK_SCHEDULE.PH IS '批号';
COMMENT ON COLUMN PI_TASK_SCHEDULE.RWH IS '任务号';
COMMENT ON COLUMN PI_TASK_SCHEDULE.SJXLH IS '时间序列号';
COMMENT ON COLUMN PI_TASK_SCHEDULE.PI_CLZT_DM IS '处理状态';
COMMENT ON COLUMN PI_TASK_SCHEDULE.REDO IS '失败后是否重做';
COMMENT ON COLUMN PI_TASK_SCHEDULE.CLXX IS '处理信息';
COMMENT ON COLUMN PI_TASK_SCHEDULE.KSSJ IS '开始时间';
COMMENT ON COLUMN PI_TASK_SCHEDULE.JSSJ IS '结束时间';
COMMENT ON COLUMN PI_TASK_SCHEDULE.LRRQ IS '录入日期';
COMMENT ON COLUMN PI_TASK_SCHEDULE.BZ IS '调度备注';
ALTER TABLE PI_TASK_SCHEDULE ADD CONSTRAINT PK_PI_TASK_SCHEDULE PRIMARY KEY (DDH);
CREATE INDEX IDX_PI_TASK_SCHEDULE ON PI_TASK_SCHEDULE (SJXLH);


-- 创建表: 时间任务
CREATE TABLE PI_TIMER
(
  SJXLH         VARCHAR(20) NOT NULL,
  JS            VARCHAR(200) NOT NULL,
  DAYNO         INTEGER,
  TIMEOFDAY     VARCHAR(20),
  PI_SJPD_DM    VARCHAR(2),
  PD            INTEGER NOT NULL,
  STARTDATETIME TIMESTAMP NOT NULL,
  PI_CLZT_DM    VARCHAR(2) NOT NULL,
  LRR_DM        VARCHAR(11) NOT NULL,
  LRRQ          TIMESTAMP NOT NULL,
  SCZXSJ        TIMESTAMP,
  XCZXSJ        TIMESTAMP,
  ZZSJ          TIMESTAMP
)
;
COMMENT ON TABLE PI_TIMER IS '时间任务定义';
COMMENT ON COLUMN PI_TIMER.SJXLH IS '时间序列号';
COMMENT ON COLUMN PI_TIMER.JS IS '说明';
COMMENT ON COLUMN PI_TIMER.DAYNO IS '第几天';
COMMENT ON COLUMN PI_TIMER.TIMEOFDAY IS '当前的具体时间: 时分秒';
COMMENT ON COLUMN PI_TIMER.PI_SJPD_DM IS '时间频度代码';
COMMENT ON COLUMN PI_TIMER.PD IS '频度';
COMMENT ON COLUMN PI_TIMER.STARTDATETIME IS '启动时间';
COMMENT ON COLUMN PI_TIMER.PI_CLZT_DM IS '处理状态';
COMMENT ON COLUMN PI_TIMER.LRR_DM IS '录入人';
COMMENT ON COLUMN PI_TIMER.LRRQ IS '录入日期';
COMMENT ON COLUMN PI_TIMER.SCZXSJ IS '上次执行时间';
COMMENT ON COLUMN PI_TIMER.XCZXSJ IS '下次执行时间';
COMMENT ON COLUMN PI_TIMER.ZZSJ IS '中止时间';
ALTER TABLE PI_TIMER ADD CONSTRAINT PK_PI_TIMER PRIMARY KEY (SJXLH);


-- 创建表: 时间任务与任务组
CREATE TABLE PI_TIMER_GROUP
(
  SJXLH   VARCHAR(20) NOT NULL,
  GROUPID VARCHAR(20) NOT NULL
)
;
ALTER TABLE PI_TIMER_GROUP ADD CONSTRAINT PK_PI_TIMER_GROUP PRIMARY KEY (SJXLH, GROUPID);
COMMENT ON TABLE PI_TIMER_GROUP IS '时间任务与任务组关联';
COMMENT ON COLUMN PI_TIMER_GROUP.SJXLH IS '时间序列号';
COMMENT ON COLUMN PI_TIMER_GROUP.GROUPID IS '组ID';


-- Sequence creation
CREATE SEQUENCE SEQ_PI_PHDDH
MINVALUE 1
MAXVALUE 99999999
START WITH 101
INCREMENT BY 1
CACHE 20
CYCLE;


DO $$
BEGIN
    CALL P_ADD_ROOT('systemmanage', '系统管理', 90);
    CALL P_ADD_ML('系统管理', '批处理');
    CALL P_ADD_GNMK('系统管理~批处理', 'systemmanage.batch.jobgroup', '任务组定义', '../work/pi/rwzdy/RwzdyBndService.searchTaskGroup.do', '090000');
    CALL P_ADD_GNMK('系统管理~批处理', 'systemmanage.batch.timer', '时间管理', '../work/pi/sjgl/TimerdyBndService.initTimer.do', '090000');
    CALL P_ADD_GNMK('系统管理~批处理', 'systemmanage.batch.console', '调度监控', '../work/pi/ddjk/index.jsp', '090000');
END;
$$ LANGUAGE plpgsql;

-- 创建表: 功能模块点击状态
CREATE TABLE MON_GNMK_CLICK
(
  USERID    VARCHAR(11) NOT NULL,
  GNMK_DM   VARCHAR(256) NOT NULL,
  STAT      INTEGER DEFAULT 9999 NOT NULL,
  STAT_DATE TIMESTAMP DEFAULT CURRENT_TIMESTAMP NOT NULL
)
;
ALTER TABLE MON_GNMK_CLICK ADD CONSTRAINT PKMON_GNMK_CLICKMK_CLICK PRIMARY KEY (USERID, GNMK_DM);


DO $$
BEGIN
    CALL P_ADD_ROOT('systemmanage', '系统管理', 90);
    CALL P_ADD_ML('系统管理', '监控管理');
    CALL P_ADD_GNMK('系统管理~监控管理', 'systemmanage.monitoring.onlineusers', '在线用户', '../work/mon/user/SessionService.getOnlineUsers.do', '090000');
    CALL P_ADD_GNMK('系统管理~监控管理', 'systemmanage.monitoring.userlogs', '在线用户历史', '../work/mon/user/UserService.getOnlineUsersHistory.do', '090000');

    -- 操作注册
    INSERT INTO QX_OPERATION (OPERATION_DM, OPERATION_MC, GNMK_DM, OPERATION_DESCRIPTION) VALUES ('00000000000', '过滤', 'systemmanage.monitoring.onlineusers', '');
    INSERT INTO QX_OPERATION (OPERATION_DM, OPERATION_MC, GNMK_DM, OPERATION_DESCRIPTION) VALUES ('00000000001', '刷新', 'systemmanage.monitoring.onlineusers', '');
    INSERT INTO QX_OPERATION (OPERATION_DM, OPERATION_MC, GNMK_DM, OPERATION_DESCRIPTION) VALUES ('00000000002', '踢出', 'systemmanage.monitoring.onlineusers', '');
    INSERT INTO QX_GNMB_GNMK_OPERATION (GNMB_DM, GNMK_DM, OPERATION_DM) VALUES ('00000000001', 'systemmanage.monitoring.onlineusers', '00000000000');
    INSERT INTO QX_GNMB_GNMK_OPERATION (GNMB_DM, GNMK_DM, OPERATION_DM) VALUES ('00000000001', 'systemmanage.monitoring.onlineusers', '00000000002');
END;
$$ LANGUAGE plpgsql;

-- 创建表: 在线用户
CREATE TABLE MON_ONLINE_USER
(
  USERID      VARCHAR(20) NOT NULL,
  CZRY_MC     VARCHAR(30),
  CZRY_DM     VARCHAR(11),
  LOGIN_DATE  TIMESTAMP DEFAULT CURRENT_TIMESTAMP NOT NULL,
  LOGOUT_DATE TIMESTAMP,
  JG_MC       VARCHAR(60),
  IP          VARCHAR(200),
  SESSIONID   VARCHAR(200),
  FLAG        CHAR(1) NOT NULL,
  JG_DM       VARCHAR(15),
  ID          VARCHAR(40) NOT NULL
)
;
ALTER TABLE MON_ONLINE_USER ADD PRIMARY KEY (ID);
CREATE INDEX IDX_MON_ONLINE_USER_JG_DM ON MON_ONLINE_USER (JG_DM);
CREATE INDEX IDX_MON_ONLINE_USER_LOGIN_DATE ON MON_ONLINE_USER (LOGIN_DATE);
CREATE INDEX IDX_MON_ONLINE_USER_USERID ON MON_ONLINE_USER (USERID);
CREATE INDEX IDX_MON_ONLINE_USER_USERID_ID ON MON_ONLINE_USER (USERID, ID);

COMMENT ON TABLE MON_ONLINE_USER IS '在线用户';
COMMENT ON COLUMN MON_ONLINE_USER.USERID IS '用户id';
COMMENT ON COLUMN MON_ONLINE_USER.CZRY_MC IS '操作人员名称';
COMMENT ON COLUMN MON_ONLINE_USER.CZRY_DM IS '操作人员代码';
COMMENT ON COLUMN MON_ONLINE_USER.LOGIN_DATE IS '登录时间';
COMMENT ON COLUMN MON_ONLINE_USER.LOGOUT_DATE IS '退出时间';
COMMENT ON COLUMN MON_ONLINE_USER.JG_MC IS '所属机构名称';
COMMENT ON COLUMN MON_ONLINE_USER.IP IS '用户ip地址';
COMMENT ON COLUMN MON_ONLINE_USER.JG_DM IS '所属机构代码';
COMMENT ON COLUMN MON_ONLINE_USER.FLAG IS '状态';


DO $$
BEGIN
    CALL P_ADD_ROOT('systemmanage', '系统管理', 90);
    CALL P_ADD_ML('系统管理', '监控管理');
    CALL P_ADD_GNMK('系统管理~监控管理', 'adplogger', '日志管理', '../logger/index.iface', '000000');
END;
$$ LANGUAGE plpgsql;

INSERT INTO HLP_GNMK (ID, CZRY_DATE, CZRY_MC, CZRY_DM, KEYWORD, REMARK, GNMK_DM, GNMK_HZMC, YWHJ_DM, CONTENT, PATH)
VALUES (
    'adplogger-0001', '2010-01-28', '超级管理员', '00000000000', '日志管理特点', NULL, 'adplogger', '日志管理', NULL
  , '<p>日志管理的特点：<br />
1、查询<br />
2、删除<br />
3、备份全部日志，下载备份文件<br />
4、清空全部日志<br />
&nbsp;</p>'
  , NULL
);


CREATE TABLE LOGMESSAGES
(
  ID       INTEGER NOT NULL,
  LOGTIME  TIMESTAMP,
  LOGCLASS VARCHAR(100),
  LOGLEVEL VARCHAR(5),
  LOGUSER  VARCHAR(20),
  MESSAGE  VARCHAR(3000),
  BUSIID   VARCHAR(50),
  EXPTID   VARCHAR(50),
  PRIMARY KEY (ID)
);

DO $$
BEGIN
    CALL P_ADD_ROOT('systemmanage', '系统管理', 90);
    CALL P_ADD_ML('系统管理', '待办已办');
    CALL P_ADD_GNMK('系统管理~待办已办', 'systemmanage.todo.setting', '待办事宜设置', '../work/message/dynacol/extDynacol.html', '090000');
    CALL P_ADD_GNMK('系统管理~待办已办', 'systemmanage.todo.dashboard', '待办事宜', '../work/message/main/index.jsp?type=1&gnmk_dm=systemmanage.todo.dashboard', '090000');
    CALL P_ADD_GNMK('系统管理~待办已办', 'systemmanage.done.dashboard', '已办事宜', '../work/message/main/index.jsp?type=2&gnmk_dm=systemmanage.done.dashboard', '090000');

    -- 操作注册
    INSERT INTO QX_OPERATION (OPERATION_DM, OPERATION_MC, GNMK_DM) VALUES ('filterByPriority', '按优先级过滤', 'systemmanage.todo.dashboard');
    INSERT INTO QX_OPERATION (OPERATION_DM, OPERATION_MC, GNMK_DM) VALUES ('filterByType', '按类型过滤', 'systemmanage.todo.dashboard');
    INSERT INTO QX_GNMB_GNMK_OPERATION (GNMB_DM, GNMK_DM, OPERATION_DM) VALUES ('00000000001', 'systemmanage.todo.dashboard', 'filterByPriority');
    INSERT INTO QX_GNMB_GNMK_OPERATION (GNMB_DM, GNMK_DM, OPERATION_DM) VALUES ('00000000001', 'systemmanage.todo.dashboard', 'filterByType');

    INSERT INTO QX_OPERATION (OPERATION_DM, OPERATION_MC, GNMK_DM) VALUES ('filterByPriority', '按优先级过滤', 'systemmanage.done.dashboard');
    INSERT INTO QX_OPERATION (OPERATION_DM, OPERATION_MC, GNMK_DM) VALUES ('filterByType', '按类型过滤', 'systemmanage.done.dashboard');
    INSERT INTO QX_GNMB_GNMK_OPERATION (GNMB_DM, GNMK_DM, OPERATION_DM) VALUES ('00000000001', 'systemmanage.done.dashboard', 'filterByPriority');
    INSERT INTO QX_GNMB_GNMK_OPERATION (GNMB_DM, GNMK_DM, OPERATION_DM) VALUES ('00000000001', 'systemmanage.done.dashboard', 'filterByType');
END;
$$ LANGUAGE plpgsql;


-- 创建表: 消息系统
CREATE TABLE MESSAGE_SYSTEM
(
  ID                    VARCHAR(4) NOT NULL,
  NAME                  VARCHAR(64) NOT NULL,
  KEY_NAME              VARCHAR(16) NOT NULL,
  IS_LEGACY             CHAR(1) NOT NULL,
  HANDLER_CLASS         VARCHAR(256) NOT NULL,
  MAPPING_BUILDER_CLASS VARCHAR(256) NOT NULL,
  DESCRIPTION           VARCHAR(256),
  IS_ENABLED            CHAR(1) DEFAULT 'Y' NOT NULL
)
;
COMMENT ON TABLE MESSAGE_SYSTEM IS '消息系统';
COMMENT ON COLUMN MESSAGE_SYSTEM.ID IS '消息系统id';
COMMENT ON COLUMN MESSAGE_SYSTEM.NAME IS '消息系统名称';
COMMENT ON COLUMN MESSAGE_SYSTEM.KEY_NAME IS '消息系统key，key_id为消息UID';
COMMENT ON COLUMN MESSAGE_SYSTEM.IS_LEGACY IS '是否为遗留系统，Y：遗留系统，N：非遗留系统';
COMMENT ON COLUMN MESSAGE_SYSTEM.HANDLER_CLASS IS '消息处理类，必须继承自MessageHandler';
COMMENT ON COLUMN MESSAGE_SYSTEM.MAPPING_BUILDER_CLASS IS '映射处理类，必须实现MappingBuilder接口';
COMMENT ON COLUMN MESSAGE_SYSTEM.DESCRIPTION IS '消息系统描述';
COMMENT ON COLUMN MESSAGE_SYSTEM.IS_ENABLED IS '是否启用此消息系统';
ALTER TABLE MESSAGE_SYSTEM ADD CONSTRAINT PK_MESSAGE_SYSTEM PRIMARY KEY (ID);
ALTER TABLE MESSAGE_SYSTEM ADD CONSTRAINT UNI_MESSAGE_SYSTEM_KEY UNIQUE (KEY_NAME);


INSERT INTO MESSAGE_SYSTEM (ID, NAME, KEY_NAME, IS_LEGACY, HANDLER_CLASS, MAPPING_BUILDER_CLASS, DESCRIPTION, IS_ENABLED)
  VALUES ('1000', '缺省消息系统', 'GENERIC', 'N', 'message.handler.GenericMessageHandler', 'message.mapping.GenericORMappingBuilder', NULL, 'Y');


-- 创建表: 消息类型
CREATE TABLE MESSAGE_TYPE
(
  ID   CHAR(6) NOT NULL,
  NAME VARCHAR(64) NOT NULL
)
;
COMMENT ON TABLE MESSAGE_TYPE IS '消息类型';
COMMENT ON COLUMN MESSAGE_TYPE.ID IS '消息类型id';
COMMENT ON COLUMN MESSAGE_TYPE.NAME IS '消息类型名称';
ALTER TABLE MESSAGE_TYPE ADD CONSTRAINT PK_MESSAGE_TYPE PRIMARY KEY (ID);


INSERT INTO MESSAGE_TYPE (ID, NAME) VALUES ('100000', '任务');
INSERT INTO MESSAGE_TYPE (ID, NAME) VALUES ('200000', '提示');
INSERT INTO MESSAGE_TYPE (ID, NAME) VALUES ('300000', '预警');
INSERT INTO MESSAGE_TYPE (ID, NAME) VALUES ('900000', '消息');

-- 创建表: 消息
CREATE TABLE MESSAGE
(
  ID                VARCHAR(20) NOT NULL,
  SYSTEM_NAME       VARCHAR(50),
  MESSAGE_SYSTEM_ID VARCHAR(4),
  TOPIC             VARCHAR(512) NOT NULL,
  TOPIC_URL         VARCHAR(512),
  TYPE              CHAR(6),
  PRIORITY          CHAR(1),
  ALLOW_DELETE      CHAR(1),
  CREATE_TIME       TIMESTAMP DEFAULT CURRENT_TIMESTAMP NOT NULL,
  CREATED_BY        CHAR(11),
  LAST_RECEIVED_BY  CHAR(11),
  LAST_RECEIVE_TIME TIMESTAMP,
  IS_ARCHIVED       CHAR(1) DEFAULT 'N' NOT NULL,
  ARCHIVE_TIME      TIMESTAMP,
  AVAILABLE_UNTIL   TIMESTAMP,
  COMMENTS          VARCHAR(4000)
)
;
COMMENT ON TABLE MESSAGE IS '通用消息';
COMMENT ON COLUMN MESSAGE.ID IS '消息id';
COMMENT ON COLUMN MESSAGE.SYSTEM_NAME IS '系统名称（参照qx_system）';
COMMENT ON COLUMN MESSAGE.MESSAGE_SYSTEM_ID IS '消息系统id';
COMMENT ON COLUMN MESSAGE.TOPIC IS '消息主题';
COMMENT ON COLUMN MESSAGE.TOPIC_URL IS '消息主题链接url';
COMMENT ON COLUMN MESSAGE.TYPE IS '消息类型';
COMMENT ON COLUMN MESSAGE.PRIORITY IS '优先级，H：高，M：中等，L：低';
COMMENT ON COLUMN MESSAGE.ALLOW_DELETE IS '是否允许删除，Y：允许，N：不允许';
COMMENT ON COLUMN MESSAGE.CREATE_TIME IS '创建时间';
COMMENT ON COLUMN MESSAGE.CREATED_BY IS '创建人';
COMMENT ON COLUMN MESSAGE.LAST_RECEIVED_BY IS '最后接收人';
COMMENT ON COLUMN MESSAGE.LAST_RECEIVE_TIME IS '最后接收时间';
COMMENT ON COLUMN MESSAGE.IS_ARCHIVED IS '是否归档，Y：已归档，N：未归档';
COMMENT ON COLUMN MESSAGE.ARCHIVE_TIME IS '归档时间';
COMMENT ON COLUMN MESSAGE.AVAILABLE_UNTIL IS '任务的办结期限，消息的有效期限';
COMMENT ON COLUMN MESSAGE.COMMENTS IS '注释';
ALTER TABLE MESSAGE ADD CONSTRAINT PK_MESSAGE PRIMARY KEY (ID);
ALTER TABLE MESSAGE ADD CONSTRAINT FK_MESSAGE_MSG_SYSTEM FOREIGN KEY (MESSAGE_SYSTEM_ID) REFERENCES MESSAGE_SYSTEM (ID);
ALTER TABLE MESSAGE ADD CONSTRAINT FK_MESSAGE_SYSTEM FOREIGN KEY (SYSTEM_NAME) REFERENCES QX_SYSTEM (SYSTEMNAME);
ALTER TABLE MESSAGE ADD CONSTRAINT FK_MESSAGE_TYPE FOREIGN KEY (TYPE) REFERENCES MESSAGE_TYPE (ID);


-- 创建表: 消息字段定义
CREATE TABLE MESSAGE_FIELD_DEFINITION
(
  NAME         VARCHAR(128) NOT NULL,
  IS_CUSTOM    CHAR(1) NOT NULL,
  CONTENT_TYPE CHAR(2),
  DESCRIPTION  VARCHAR(256)
)
;
COMMENT ON TABLE MESSAGE_FIELD_DEFINITION IS '消息字段定义';
COMMENT ON COLUMN MESSAGE_FIELD_DEFINITION.NAME IS '消息字段名称';
COMMENT ON COLUMN MESSAGE_FIELD_DEFINITION.IS_CUSTOM IS '是否为自定义字段';
COMMENT ON COLUMN MESSAGE_FIELD_DEFINITION.CONTENT_TYPE IS '字段内容类型（暂不支持，留空）';
COMMENT ON COLUMN MESSAGE_FIELD_DEFINITION.DESCRIPTION IS '字段说明';
ALTER TABLE MESSAGE_FIELD_DEFINITION ADD CONSTRAINT PK_MESSAGE_FIELD_DEF PRIMARY KEY (NAME);

INSERT INTO MESSAGE_FIELD_DEFINITION (NAME, IS_CUSTOM, CONTENT_TYPE, DESCRIPTION) VALUES ('ID', 'N', NULL, '消息编号');
INSERT INTO MESSAGE_FIELD_DEFINITION (NAME, IS_CUSTOM, CONTENT_TYPE, DESCRIPTION) VALUES ('SYSTEMNAME', 'N', NULL, '系统名称');
INSERT INTO MESSAGE_FIELD_DEFINITION (NAME, IS_CUSTOM, CONTENT_TYPE, DESCRIPTION) VALUES ('MESSAGESYSTEMID', 'N', NULL, '来源消息系统号');
INSERT INTO MESSAGE_FIELD_DEFINITION (NAME, IS_CUSTOM, CONTENT_TYPE, DESCRIPTION) VALUES ('TOPIC', 'N', NULL, '主题');
INSERT INTO MESSAGE_FIELD_DEFINITION (NAME, IS_CUSTOM, CONTENT_TYPE, DESCRIPTION) VALUES ('TOPICURL', 'N', NULL, '主题链接url');
INSERT INTO MESSAGE_FIELD_DEFINITION (NAME, IS_CUSTOM, CONTENT_TYPE, DESCRIPTION) VALUES ('TYPE', 'N', NULL, '任务类型');
INSERT INTO MESSAGE_FIELD_DEFINITION (NAME, IS_CUSTOM, CONTENT_TYPE, DESCRIPTION) VALUES ('PRIORITY', 'N', NULL, '优先级');
INSERT INTO MESSAGE_FIELD_DEFINITION (NAME, IS_CUSTOM, CONTENT_TYPE, DESCRIPTION) VALUES ('ALLOWDELETE', 'N', NULL, '是否允许删除');
INSERT INTO MESSAGE_FIELD_DEFINITION (NAME, IS_CUSTOM, CONTENT_TYPE, DESCRIPTION) VALUES ('CREATETIME', 'N', NULL, '创建时间');
INSERT INTO MESSAGE_FIELD_DEFINITION (NAME, IS_CUSTOM, CONTENT_TYPE, DESCRIPTION) VALUES ('CREATEDBY', 'N', NULL, '创建人');
INSERT INTO MESSAGE_FIELD_DEFINITION (NAME, IS_CUSTOM, CONTENT_TYPE, DESCRIPTION) VALUES ('LASTRECEIVEDBY', 'N', NULL, '最后接收人');
INSERT INTO MESSAGE_FIELD_DEFINITION (NAME, IS_CUSTOM, CONTENT_TYPE, DESCRIPTION) VALUES ('ISARCHIVED', 'N', NULL, '是否归档');
INSERT INTO MESSAGE_FIELD_DEFINITION (NAME, IS_CUSTOM, CONTENT_TYPE, DESCRIPTION) VALUES ('ARCHIVETIME', 'N', NULL, '归档时间');
INSERT INTO MESSAGE_FIELD_DEFINITION (NAME, IS_CUSTOM, CONTENT_TYPE, DESCRIPTION) VALUES ('AVAILABLEUNTIL', 'N', NULL, '有效期/办结期限');
INSERT INTO MESSAGE_FIELD_DEFINITION (NAME, IS_CUSTOM, CONTENT_TYPE, DESCRIPTION) VALUES ('COMMENTS', 'N', NULL, '备注');
INSERT INTO MESSAGE_FIELD_DEFINITION (NAME, IS_CUSTOM, CONTENT_TYPE, DESCRIPTION) VALUES ('STATUS', 'Y', NULL, '状态');
INSERT INTO MESSAGE_FIELD_DEFINITION (NAME, IS_CUSTOM, CONTENT_TYPE, DESCRIPTION) VALUES ('LASTRECEIVETIME', 'N', NULL, '最后接收时间');

-- 创建表: 消息扩展
CREATE TABLE MESSAGE_EXTENSION
(
  MESSAGE_ID        VARCHAR(20) NOT NULL,
  CUSTOM_FIELD_NAME VARCHAR(128) NOT NULL,
  FIELD_VALUE       VARCHAR(4000)
)
;
COMMENT ON TABLE MESSAGE_EXTENSION IS '通用消息扩展';
COMMENT ON COLUMN MESSAGE_EXTENSION.MESSAGE_ID IS '消息id';
COMMENT ON COLUMN MESSAGE_EXTENSION.CUSTOM_FIELD_NAME IS '自定义字段名称';
COMMENT ON COLUMN MESSAGE_EXTENSION.FIELD_VALUE IS '自定义字段值';
ALTER TABLE MESSAGE_EXTENSION ADD CONSTRAINT PK_MESSAGE_EXT PRIMARY KEY (MESSAGE_ID, CUSTOM_FIELD_NAME);
ALTER TABLE MESSAGE_EXTENSION ADD CONSTRAINT FK_MESSAGE_EXT_FIELD FOREIGN KEY (CUSTOM_FIELD_NAME) REFERENCES MESSAGE_FIELD_DEFINITION (NAME);
ALTER TABLE MESSAGE_EXTENSION ADD CONSTRAINT FK_MESSAGE_EXT_MESSAGE FOREIGN KEY (MESSAGE_ID) REFERENCES MESSAGE (ID);


-- 创建表: 消息字段展示定义
CREATE TABLE MESSAGE_FIELD_DISPLAY
(
  USER_ID       VARCHAR(11) NOT NULL,
  FIELD_NAME    VARCHAR(128) NOT NULL,
  DISPLAY_ORDER INTEGER NOT NULL,
  DISPLAY_NAME  VARCHAR(128),
  WIDTH         VARCHAR(16),
  SORTORDER     VARCHAR(2),
  SORTDIRECTION  VARCHAR(2)
)
;
ALTER TABLE MESSAGE_FIELD_DISPLAY ADD CONSTRAINT PK_MESSAGE_FIELD_DISPLAY PRIMARY KEY (USER_ID, FIELD_NAME, DISPLAY_ORDER);
ALTER TABLE MESSAGE_FIELD_DISPLAY ADD CONSTRAINT FK_MESSAGE_FIELD_DISPLAY FOREIGN KEY (FIELD_NAME) REFERENCES MESSAGE_FIELD_DEFINITION (NAME);
COMMENT ON TABLE MESSAGE_FIELD_DISPLAY IS '消息字段展示定义（分用户）';
COMMENT ON COLUMN MESSAGE_FIELD_DISPLAY.USER_ID IS '用户id（操作人员代码）';
COMMENT ON COLUMN MESSAGE_FIELD_DISPLAY.FIELD_NAME IS '通用消息字段名称';
COMMENT ON COLUMN MESSAGE_FIELD_DISPLAY.DISPLAY_ORDER IS '显示顺序，数值越小越靠前';
COMMENT ON COLUMN MESSAGE_FIELD_DISPLAY.DISPLAY_NAME IS '显示名称';
COMMENT ON COLUMN MESSAGE_FIELD_DISPLAY.WIDTH IS '显示宽度';
COMMENT ON COLUMN MESSAGE_FIELD_DISPLAY.SORTORDER IS '缺省排序顺序';
COMMENT ON COLUMN MESSAGE_FIELD_DISPLAY.SORTDIRECTION IS '排序方式:Y升序,N降序';


-- 创建表: 消息系统的消息字段
CREATE TABLE MESSAGE_SYSTEM_FIELD
(
  MESSAGE_SYSTEM_ID VARCHAR(4) NOT NULL,
  FIELD_NAME        VARCHAR(128) NOT NULL
)
;
COMMENT ON TABLE MESSAGE_SYSTEM_FIELD IS '消息系统和消息字段对照关系';
COMMENT ON COLUMN MESSAGE_SYSTEM_FIELD.MESSAGE_SYSTEM_ID IS '消息系统id';
COMMENT ON COLUMN MESSAGE_SYSTEM_FIELD.FIELD_NAME IS '消息字段名称';
ALTER TABLE MESSAGE_SYSTEM_FIELD ADD CONSTRAINT PK_MESSAGE_SYSTEM_FIELD PRIMARY KEY (MESSAGE_SYSTEM_ID, FIELD_NAME);
ALTER TABLE MESSAGE_SYSTEM_FIELD ADD CONSTRAINT FK_MESSAGE_SYSTEM_FIELD_ID FOREIGN KEY (MESSAGE_SYSTEM_ID) REFERENCES MESSAGE_SYSTEM (ID);
ALTER TABLE MESSAGE_SYSTEM_FIELD ADD CONSTRAINT FK_MESSAGE_SYSTEM_FIELD_NAME FOREIGN KEY (FIELD_NAME) REFERENCES MESSAGE_FIELD_DEFINITION (NAME);


INSERT INTO MESSAGE_SYSTEM_FIELD (MESSAGE_SYSTEM_ID, FIELD_NAME) VALUES ('1000', 'ALLOWDELETE');
INSERT INTO MESSAGE_SYSTEM_FIELD (MESSAGE_SYSTEM_ID, FIELD_NAME) VALUES ('1000', 'ARCHIVETIME');
INSERT INTO MESSAGE_SYSTEM_FIELD (MESSAGE_SYSTEM_ID, FIELD_NAME) VALUES ('1000', 'AVAILABLEUNTIL');
INSERT INTO MESSAGE_SYSTEM_FIELD (MESSAGE_SYSTEM_ID, FIELD_NAME) VALUES ('1000', 'COMMENTS');
INSERT INTO MESSAGE_SYSTEM_FIELD (MESSAGE_SYSTEM_ID, FIELD_NAME) VALUES ('1000', 'CREATEDBY');
INSERT INTO MESSAGE_SYSTEM_FIELD (MESSAGE_SYSTEM_ID, FIELD_NAME) VALUES ('1000', 'CREATETIME');
INSERT INTO MESSAGE_SYSTEM_FIELD (MESSAGE_SYSTEM_ID, FIELD_NAME) VALUES ('1000', 'ID');
INSERT INTO MESSAGE_SYSTEM_FIELD (MESSAGE_SYSTEM_ID, FIELD_NAME) VALUES ('1000', 'ISARCHIVED');
INSERT INTO MESSAGE_SYSTEM_FIELD (MESSAGE_SYSTEM_ID, FIELD_NAME) VALUES ('1000', 'LASTRECEIVEDBY');
INSERT INTO MESSAGE_SYSTEM_FIELD (MESSAGE_SYSTEM_ID, FIELD_NAME) VALUES ('1000', 'LASTRECEIVETIME');
INSERT INTO MESSAGE_SYSTEM_FIELD (MESSAGE_SYSTEM_ID, FIELD_NAME) VALUES ('1000', 'MESSAGESYSTEMID');
INSERT INTO MESSAGE_SYSTEM_FIELD (MESSAGE_SYSTEM_ID, FIELD_NAME) VALUES ('1000', 'PRIORITY');
INSERT INTO MESSAGE_SYSTEM_FIELD (MESSAGE_SYSTEM_ID, FIELD_NAME) VALUES ('1000', 'STATUS');
INSERT INTO MESSAGE_SYSTEM_FIELD (MESSAGE_SYSTEM_ID, FIELD_NAME) VALUES ('1000', 'SYSTEMNAME');
INSERT INTO MESSAGE_SYSTEM_FIELD (MESSAGE_SYSTEM_ID, FIELD_NAME) VALUES ('1000', 'TOPIC');
INSERT INTO MESSAGE_SYSTEM_FIELD (MESSAGE_SYSTEM_ID, FIELD_NAME) VALUES ('1000', 'TOPICURL');
INSERT INTO MESSAGE_SYSTEM_FIELD (MESSAGE_SYSTEM_ID, FIELD_NAME) VALUES ('1000', 'TYPE');

-- 创建表: 消息字段映射
CREATE TABLE MESSAGE_FIELD_MAPPING
(
  MESSAGE_SYSTEM_ID VARCHAR(4),
  FIELD_NAME        VARCHAR(128),
  LEGACY_TABLE_NAME VARCHAR(32) NOT NULL,
  LEGACY_FIELD_EXP  VARCHAR(256) NOT NULL
)
;
COMMENT ON TABLE MESSAGE_FIELD_MAPPING IS '通用消息字段映射';
COMMENT ON COLUMN MESSAGE_FIELD_MAPPING.MESSAGE_SYSTEM_ID IS '消息系统id';
COMMENT ON COLUMN MESSAGE_FIELD_MAPPING.FIELD_NAME IS '字段名称';
COMMENT ON COLUMN MESSAGE_FIELD_MAPPING.LEGACY_TABLE_NAME IS '对应的遗留系统表名称';
COMMENT ON COLUMN MESSAGE_FIELD_MAPPING.LEGACY_FIELD_EXP IS '对应的遗留系统字段表达式（SQL语法）';
ALTER TABLE MESSAGE_FIELD_MAPPING ADD CONSTRAINT FK_MSG_FIELD_MAPPING_FN FOREIGN KEY (FIELD_NAME) REFERENCES MESSAGE_FIELD_DEFINITION (NAME);
ALTER TABLE MESSAGE_FIELD_MAPPING ADD CONSTRAINT FK_MSG_FIELD_MAPPING_ID FOREIGN KEY (MESSAGE_SYSTEM_ID, FIELD_NAME) REFERENCES MESSAGE_SYSTEM_FIELD (MESSAGE_SYSTEM_ID, FIELD_NAME);


-- 创建表: 消息字段渲染器
CREATE TABLE MESSAGE_FIELD_RENDER
(
  ID                VARCHAR(10),
  NAME              VARCHAR(32),
  MESSAGE_SYSTEM_ID VARCHAR(4),
  DESCRIPTION       VARCHAR(256),
  FIELD_NAME        VARCHAR(128),
  RENDER_CLASS      VARCHAR(256)
)
;
COMMENT ON TABLE MESSAGE_FIELD_RENDER IS '通用消息字段渲染器';
COMMENT ON COLUMN MESSAGE_FIELD_RENDER.ID IS '渲染器id';
COMMENT ON COLUMN MESSAGE_FIELD_RENDER.NAME IS '渲染器名称';
COMMENT ON COLUMN MESSAGE_FIELD_RENDER.MESSAGE_SYSTEM_ID IS '消息系统id';
COMMENT ON COLUMN MESSAGE_FIELD_RENDER.DESCRIPTION IS '渲染器描述';
COMMENT ON COLUMN MESSAGE_FIELD_RENDER.FIELD_NAME IS '字段名称';
COMMENT ON COLUMN MESSAGE_FIELD_RENDER.RENDER_CLASS IS '渲染器类';
ALTER TABLE MESSAGE_FIELD_RENDER ADD CONSTRAINT FK_MESSAGE_FIELD_RENDER FOREIGN KEY (FIELD_NAME) REFERENCES MESSAGE_FIELD_DEFINITION (NAME);


INSERT INTO MESSAGE_FIELD_RENDER (ID, NAME, MESSAGE_SYSTEM_ID, DESCRIPTION, FIELD_NAME, RENDER_CLASS)
  VALUES ('00000001', 'SGYTOPIC', '9001', NULL, 'TOPIC', 'ctais.business.message.common.SgyTopicMessageRender');
INSERT INTO MESSAGE_FIELD_RENDER (ID, NAME, MESSAGE_SYSTEM_ID, DESCRIPTION, FIELD_NAME, RENDER_CLASS)
  VALUES ('00000002', 'TODOTOPIC', '9000', NULL, 'TOPIC', 'ctais.business.message.common.TodoTopicMessageRender');
INSERT INTO MESSAGE_FIELD_RENDER (ID, NAME, MESSAGE_SYSTEM_ID, DESCRIPTION, FIELD_NAME, RENDER_CLASS)
  VALUES ('00000003', 'TODOLSTOPIC', '9002', NULL, 'TOPIC', 'ctais.business.message.common.TodoTopicMessageRender');
INSERT INTO MESSAGE_FIELD_RENDER (ID, NAME, MESSAGE_SYSTEM_ID, DESCRIPTION, FIELD_NAME, RENDER_CLASS)
  VALUES ('00000004', 'reptodotopic', '1000', NULL, 'TOPIC', 'ctais.business.message.common.TodoTopicMessageRender');

DO $$
BEGIN
    CALL P_ADD_ROOT('systemmanage', '系统管理', 90);
    CALL P_ADD_ML('系统管理', '监控管理');
    CALL P_ADD_GNMK('系统管理~监控管理', 'systemmanage.monitoring.track', '跟踪', '../track/index.jsp', '090000');
END;
$$ LANGUAGE plpgsql;

DO $$
BEGIN
    CALL P_ADD_ROOT('demo', '范例', 99);
    CALL P_ADD_ML('范例', '查询框架');
    CALL P_ADD_GNMK('范例~查询框架', 'demo.query.operatorquery', '操作人员查询', '../work/query/index.jsp?gnmk_dm=demo.query.operatorquery&queryid=test.test1&GZBZ=N', '000000');
END;
$$ LANGUAGE plpgsql;

-- 创建表: 查询模块代码
CREATE TABLE DM_CXMK
(
  CXMK_DM  VARCHAR(6) NOT NULL,
  CXMK_MC  VARCHAR(50) NOT NULL,
  YM_RIGHT VARCHAR(50) NOT NULL,
  YM_TOP   VARCHAR(50) NOT NULL,
  XYBZ     CHAR(1) DEFAULT 'Y' NOT NULL,
  YXBZ     CHAR(1) DEFAULT 'Y' NOT NULL
)
;
COMMENT ON TABLE DM_CXMK IS '查询模块代码';
COMMENT ON COLUMN DM_CXMK.CXMK_DM IS '查询模块代码（前两位子系统分类，如SB1101）';
COMMENT ON COLUMN DM_CXMK.CXMK_MC IS '查询模块名称';
COMMENT ON COLUMN DM_CXMK.YM_RIGHT IS '页面（结果显示页面链接RIGHT.HTM全路径）';
COMMENT ON COLUMN DM_CXMK.YM_TOP IS '页面（用户条件定制页面链接TOP.JSP全路径）';
COMMENT ON COLUMN DM_CXMK.XYBZ IS '选用标志';
COMMENT ON COLUMN DM_CXMK.YXBZ IS '有效标志';
ALTER TABLE DM_CXMK ADD CONSTRAINT PK_DM_CXMK PRIMARY KEY (CXMK_DM);


-- 创建表: 异步查询
CREATE TABLE CX_ASYNQUERY
(
  ASYNQUERYID VARCHAR(255) NOT NULL,
  QUERYID     VARCHAR(255) NOT NULL,
  CONDITION_NAME   VARCHAR(2000) NOT NULL,
  CACHETYPE   VARCHAR(20) DEFAULT 'db' NOT NULL,
  QUERYTIME   TIMESTAMP NOT NULL
)
;
COMMENT ON TABLE CX_ASYNQUERY IS '异步查询';
COMMENT ON COLUMN CX_ASYNQUERY.ASYNQUERYID IS '异步查询ID';
COMMENT ON COLUMN CX_ASYNQUERY.QUERYID IS '查询ID';
COMMENT ON COLUMN CX_ASYNQUERY.CONDITION_NAME IS '查询条件';
COMMENT ON COLUMN CX_ASYNQUERY.CACHETYPE IS '缓存类型。none(无缓存)、db(数据库)、mem(内存)，默认为db。';
COMMENT ON COLUMN CX_ASYNQUERY.QUERYTIME IS '查询时间';
ALTER TABLE CX_ASYNQUERY ADD CONSTRAINT PK_CX_ASYNQUERY PRIMARY KEY (ASYNQUERYID);


-- 创建表: 查询缓存
CREATE TABLE CX_CACHE
(
  QUERYID          VARCHAR(255) NOT NULL,
  CONDITION_NAME   VARCHAR(2000) NOT NULL,
  CREATINGTIME     TIMESTAMP NOT NULL,
  EXPIRINGTIME     TIMESTAMP,
  DETAILRESULT     VARCHAR(255),
  DETAILRESULTSZIE INTEGER DEFAULT 0,
  STATRESULT       VARCHAR(255),
  STATRESULTSZIE   INTEGER DEFAULT 0,
  SUMRESULT        VARCHAR(255)
)
;
COMMENT ON TABLE CX_CACHE IS '查询缓存';
COMMENT ON COLUMN CX_CACHE.QUERYID IS '查询ID';
COMMENT ON COLUMN CX_CACHE.CONDITION_NAME IS '查询条件';
COMMENT ON COLUMN CX_CACHE.CREATINGTIME IS '缓存创建时间';
COMMENT ON COLUMN CX_CACHE.EXPIRINGTIME IS '缓存过期时间';
COMMENT ON COLUMN CX_CACHE.DETAILRESULT IS '明细查询结果表名';
COMMENT ON COLUMN CX_CACHE.DETAILRESULTSZIE IS '明细查询结果行数';
COMMENT ON COLUMN CX_CACHE.STATRESULT IS '统计查询结果表名';
COMMENT ON COLUMN CX_CACHE.STATRESULTSZIE IS '统计查询结果行数';
COMMENT ON COLUMN CX_CACHE.SUMRESULT IS '合计查询结果表名';
ALTER TABLE CX_CACHE ADD CONSTRAINT PK_CX_CACHE PRIMARY KEY (QUERYID, CONDITION_NAME);


-- 创建表: 收藏功能模块树
CREATE TABLE QX_FAV_GNMK_TREE
(
  JD_DM    VARCHAR(21) NOT NULL,
  FJD_DM   VARCHAR(21) NOT NULL,
  JD_MC    VARCHAR(80) NOT NULL,
  GNMK_DM  VARCHAR(256),
  JDLX_DM  VARCHAR(2),
  JD_ORDER INTEGER NOT NULL,
  USERID   VARCHAR(11) NOT NULL
)
;
COMMENT ON COLUMN QX_FAV_GNMK_TREE.JD_DM IS '功能模块代码';
COMMENT ON COLUMN QX_FAV_GNMK_TREE.FJD_DM IS '节点类型代码';
COMMENT ON COLUMN QX_FAV_GNMK_TREE.JD_MC IS '节点名称';
COMMENT ON COLUMN QX_FAV_GNMK_TREE.GNMK_DM IS '节点代码';
COMMENT ON COLUMN QX_FAV_GNMK_TREE.JDLX_DM IS '父节点代码';
COMMENT ON COLUMN QX_FAV_GNMK_TREE.JD_ORDER IS '节点顺序';
COMMENT ON COLUMN QX_FAV_GNMK_TREE.USERID IS '用户ID';
ALTER TABLE QX_FAV_GNMK_TREE ADD CONSTRAINT PK_QX_FAV_GNMK_TREE PRIMARY KEY (JD_DM, USERID);


DO $$
BEGIN
    CALL P_ADD_ROOT('systemmanage', '系统管理', 90);
    CALL P_ADD_ML('系统管理', '组织权限');
    CALL P_ADD_GNMK('系统管理~组织权限', 'systemmanage.security.system', '业务系统注册', '../portal/system/SystemBndService.ywxtzclist.do', '090000');
END;
$$ LANGUAGE plpgsql;

CREATE TABLE DASHBOARD_TABINFO (
   tabid              VARCHAR(36)                    NOT NULL,
   tabtype            VARCHAR(15)                    NOT NULL,
   userid             VARCHAR(11),
   jsdm               VARCHAR(11),
   tabtitle           VARCHAR(50)                    NOT NULL,
   tabcolumsnum       INTEGER                        NOT NULL,
   tabitemheight      INTEGER,
   createtime         TIMESTAMP                      NOT NULL,
   CONSTRAINT PK_DASHBOARD_TABINFO PRIMARY KEY (tabid)
);

COMMENT ON COLUMN DASHBOARD_TABINFO.tabid IS 'tabid';
COMMENT ON COLUMN DASHBOARD_TABINFO.tabtype IS 'tab类型 portal/table1/table2';
COMMENT ON COLUMN DASHBOARD_TABINFO.userid IS 'userid';
COMMENT ON COLUMN DASHBOARD_TABINFO.jsdm IS '角色代码';
COMMENT ON COLUMN DASHBOARD_TABINFO.tabtitle IS 'tab页标题';
COMMENT ON COLUMN DASHBOARD_TABINFO.tabcolumsnum IS 'tab页中内容列数';
COMMENT ON COLUMN DASHBOARD_TABINFO.tabitemheight IS 'tab页中portlet高度';
COMMENT ON COLUMN DASHBOARD_TABINFO.createtime IS '添加时间';

CREATE TABLE DASHBOARD_TABCONTENTINFO (
   tabid              VARCHAR(36)                     NOT NULL,
   tabcontent         VARCHAR(2000),
   CONSTRAINT PK_DASHBOARD_TABCONTENTINFO PRIMARY KEY (tabid)
);

COMMENT ON COLUMN DASHBOARD_TABCONTENTINFO.tabid IS 'tabid';
COMMENT ON COLUMN DASHBOARD_TABCONTENTINFO.tabcontent IS 'tab页中内容';


DO $$
BEGIN
    CALL P_ADD_ROOT('systemmanage', '系统管理', 90);
    CALL P_ADD_ML('系统管理', '系统初始化');
    CALL P_ADD_GNMK('系统管理~系统初始化', 'systemmanage.init.roleDashboard', '角色主页管理', '../dashboard/dashboard.jsp?dashboardType=role', '000000');
END;
$$ LANGUAGE plpgsql;

DO $$
BEGIN
    CALL P_ADD_ROOT('systemmanage', '系统管理', 90);
    CALL P_ADD_ML('系统管理', '业务导航');
    CALL P_ADD_GNMK('系统管理~业务导航', 'systemmanage.bussinessnav', '业务导航配置', '../pageflow/index/index.jsp', '000000');
END;
$$ LANGUAGE plpgsql;

-- ============================================================
--   TABLE:      PAGEFLOW_ZB
--   汉字名称:   页面流程服务主表
-- ============================================================
CREATE TABLE PAGEFLOW_ZB
(
  PAGEFLOW_ID   VARCHAR(6) NOT NULL,
  PAGEFLOW_SIZE INTEGER NOT NULL,
  NAME          VARCHAR(100) NOT NULL,
  DESCRIPTION   VARCHAR(200)
);
COMMENT ON TABLE PAGEFLOW_ZB IS '页面流程服务主表';
COMMENT ON COLUMN PAGEFLOW_ZB.PAGEFLOW_ID IS '页面流程服务标识ID';
COMMENT ON COLUMN PAGEFLOW_ZB.PAGEFLOW_SIZE IS '页数';
COMMENT ON COLUMN PAGEFLOW_ZB.NAME IS '名称';
COMMENT ON COLUMN PAGEFLOW_ZB.DESCRIPTION IS '描述';
ALTER TABLE PAGEFLOW_ZB ADD CONSTRAINT PK_PAGEFLOW_ZB PRIMARY KEY (PAGEFLOW_ID);


-- ============================================================
--   TABLE:      PAGEFLOW_PAGE
--   汉字名称:   页面信息配置表
-- ============================================================
CREATE TABLE PAGEFLOW_PAGE
(
  PAGE_ID      VARCHAR(20) NOT NULL,
  PAGEFLOW_ID  VARCHAR(6) NOT NULL,
  SYSTEM       VARCHAR(100) NOT NULL,
  PAGEINDEX    INTEGER NOT NULL,
  SYSTEM_TYPE  INTEGER NOT NULL,
  PAGE_URL     VARCHAR(500),
  PAGELINKTYPE CHAR(1),
  PAGE_MOD_ID  VARCHAR(100)
);
COMMENT ON TABLE PAGEFLOW_PAGE IS '页面流程表';
COMMENT ON COLUMN PAGEFLOW_PAGE.PAGE_ID IS '页面ID';
COMMENT ON COLUMN PAGEFLOW_PAGE.PAGEFLOW_ID IS '页面流程标识ID';
COMMENT ON COLUMN PAGEFLOW_PAGE.SYSTEM IS '业务系统';
COMMENT ON COLUMN PAGEFLOW_PAGE.PAGEINDEX IS '第几页';
COMMENT ON COLUMN PAGEFLOW_PAGE.SYSTEM_TYPE IS '系统类型（1：b/s；2：c/s）';
COMMENT ON COLUMN PAGEFLOW_PAGE.PAGE_URL IS '页面URL';
COMMENT ON COLUMN PAGEFLOW_PAGE.PAGELINKTYPE IS '页面链接类型';
COMMENT ON COLUMN PAGEFLOW_PAGE.PAGE_MOD_ID IS '页面模块ID';
ALTER TABLE PAGEFLOW_PAGE ADD CONSTRAINT PK_PAGE_ID PRIMARY KEY (PAGE_ID);
ALTER TABLE PAGEFLOW_PAGE ADD CONSTRAINT FK_PAGEFLOW_ID FOREIGN KEY (PAGEFLOW_ID) REFERENCES PAGEFLOW_ZB (PAGEFLOW_ID);


-- ============================================================
--   TABLE:      PAGEFLOW_PARAMETER
--   汉字名称:   页面参数信息配置表
-- ============================================================
CREATE TABLE PAGEFLOW_PARAMETER
(
  PARAMETER_ID VARCHAR(20) NOT NULL,
  PAGEFLOW_ID  VARCHAR(6) NOT NULL,
  PAGE_ID      VARCHAR(20) NOT NULL,
  PAGE_GET     VARCHAR(100),
  PAGE_GET_VAR VARCHAR(100),
  PAGE_SET     VARCHAR(100),
  PAGE_SET_VAR VARCHAR(100),
  PAGE_EVENT   VARCHAR(100)
);
COMMENT ON TABLE PAGEFLOW_PARAMETER IS '页面参数表';
COMMENT ON COLUMN PAGEFLOW_PARAMETER.PARAMETER_ID IS '参数标识ID';
COMMENT ON COLUMN PAGEFLOW_PARAMETER.PAGE_ID IS '页面标识ID';
COMMENT ON COLUMN PAGEFLOW_PARAMETER.PAGE_GET IS '获取页面参数';
COMMENT ON COLUMN PAGEFLOW_PARAMETER.PAGE_SET IS '向页面设值';
COMMENT ON COLUMN PAGEFLOW_PARAMETER.PAGE_EVENT IS '所取页面参数改变时取值';
COMMENT ON COLUMN PAGEFLOW_PARAMETER.PAGEFLOW_ID IS '流程ID';
COMMENT ON COLUMN PAGEFLOW_PARAMETER.PAGE_GET_VAR IS 'GET方法对应的页面参数';
COMMENT ON COLUMN PAGEFLOW_PARAMETER.PAGE_SET_VAR IS 'SET方法对应的页面参数';
ALTER TABLE PAGEFLOW_PARAMETER ADD CONSTRAINT PK_PARAMETER_ID PRIMARY KEY (PARAMETER_ID);
ALTER TABLE PAGEFLOW_PARAMETER ADD CONSTRAINT FK_PAGE_ID FOREIGN KEY (PAGE_ID) REFERENCES PAGEFLOW_PAGE (PAGE_ID);


-- ============================================================
--   TABLE:      PAGEFLOW_VARIABLE
--   汉字名称:   流程变量信息配置表
-- ============================================================
CREATE TABLE PAGEFLOW_VARIABLE
(
  VARIABLE_ID    VARCHAR(20) NOT NULL,
  PAGEFLOW_ID    VARCHAR(6) NOT NULL,
  VARNAME        VARCHAR(100) NOT NULL,
  FLOW_VAR       VARCHAR(100) NOT NULL,
  VARDESCRIPTION VARCHAR(200)
);
COMMENT ON TABLE PAGEFLOW_VARIABLE IS '流程参数表';
COMMENT ON COLUMN PAGEFLOW_VARIABLE.VARIABLE_ID IS '流程参数ID';
COMMENT ON COLUMN PAGEFLOW_VARIABLE.PAGEFLOW_ID IS '流程ID';
COMMENT ON COLUMN PAGEFLOW_VARIABLE.VARNAME IS '流程参数名称';
COMMENT ON COLUMN PAGEFLOW_VARIABLE.FLOW_VAR IS '流程参数';
COMMENT ON COLUMN PAGEFLOW_VARIABLE.VARDESCRIPTION IS '流程参数描述';
ALTER TABLE PAGEFLOW_VARIABLE ADD CONSTRAINT PK_VARIABLE_ID PRIMARY KEY (VARIABLE_ID);
ALTER TABLE PAGEFLOW_VARIABLE ADD CONSTRAINT FK_VARIABLE_ID FOREIGN KEY (PAGEFLOW_ID) REFERENCES PAGEFLOW_ZB (PAGEFLOW_ID);


-- Sequence creation
CREATE SEQUENCE SEQ_PAGEFLOW_PARAMETER_ID
MINVALUE 1 MAXVALUE 99999 START WITH 1 INCREMENT BY 1 CACHE 20 CYCLE;

CREATE SEQUENCE SEQ_PAGEFLOW_VARIABLE_ID
MINVALUE 1 MAXVALUE 999999 START WITH 1 INCREMENT BY 1 CACHE 20 CYCLE;

CREATE SEQUENCE SEQ_PAGEFLOW_PAGE_ID
MINVALUE 1 MAXVALUE 999999 START WITH 1 INCREMENT BY 1 CACHE 20 CYCLE;


DO $$
BEGIN
    CALL P_ADD_ROOT('systemmanage', '系统管理', 90);
    CALL P_ADD_ML('系统管理', '辅助信息管理');
    CALL P_ADD_GNMK('系统管理~辅助信息管理', 'systemmanage.fzxx', '辅助信息维护', '../fzxx/dcone/xxgl/index.jsp', '000000');
END;
$$ LANGUAGE plpgsql;

DO $$
BEGIN
    CALL P_ADD_ROOT('systemmanage', '系统管理', 90);
    CALL P_ADD_ML('系统管理', '疑点纳税人预警');
    CALL P_ADD_GNMK('系统管理~疑点纳税人预警', 'systemmanage.suspicionwarning.infomaintenance', '疑点纳税人预警信息维护', '../fzxx/dcone/warning/infoMaintenance/index.jsp', '000000');
END;
$$ LANGUAGE plpgsql;

--   Table: NSR_SUSPICION
CREATE TABLE NSR_SUSPICION
(
  ID      INTEGER NOT NULL,
  NSRSBH  VARCHAR(20) NOT NULL,
  NSRMC   VARCHAR(80) NOT NULL,
  BT      VARCHAR(40) NOT NULL,
  YDNR    VARCHAR(4000) NOT NULL,
  LRSJ    TIMESTAMP,
  LRRID   VARCHAR(11) NOT NULL,
  LRRDM   VARCHAR(11) NOT NULL,
  LRRMC   VARCHAR(20) NOT NULL,
  LRRJGDM VARCHAR(15) NOT NULL,
  LRRJGMC VARCHAR(60)
);
COMMENT ON COLUMN NSR_SUSPICION.ID IS '序号';
COMMENT ON COLUMN NSR_SUSPICION.NSRSBH IS '纳税人识别号';
COMMENT ON COLUMN NSR_SUSPICION.NSRMC IS '纳税人名称';
COMMENT ON COLUMN NSR_SUSPICION.YDNR IS '疑点内容';
COMMENT ON COLUMN NSR_SUSPICION.BT IS '标题';
COMMENT ON COLUMN NSR_SUSPICION.LRSJ IS '录入时间';
COMMENT ON COLUMN NSR_SUSPICION.LRRID IS '录入人ID';
COMMENT ON COLUMN NSR_SUSPICION.LRRDM IS '录入人代码';
COMMENT ON COLUMN NSR_SUSPICION.LRRMC IS '录入人名称';
COMMENT ON COLUMN NSR_SUSPICION.LRRJGDM IS '录入人机关代码';
COMMENT ON COLUMN NSR_SUSPICION.LRRJGMC IS '录入人机关名称';
ALTER TABLE NSR_SUSPICION ADD CONSTRAINT PK_NSR_SUSPICION PRIMARY KEY (ID);
CREATE INDEX INDEX_NSR_SUSPICION ON NSR_SUSPICION (BT);


CREATE SEQUENCE SEQ_NSR_SUSPICION
MINVALUE 1 MAXVALUE 99999999 START WITH 1 INCREMENT BY 1 CACHE 20 CYCLE;


--   Table: NSR_SUSPICION_SERVICE
CREATE TABLE NSR_SUSPICION_SERVICE
(
  ID        INTEGER NOT NULL,
  BT        VARCHAR(50) NOT NULL,
  SERVICEID VARCHAR(20) NOT NULL,
  BZ        VARCHAR(500) NOT NULL
);
COMMENT ON COLUMN NSR_SUSPICION_SERVICE.ID IS 'ID';
COMMENT ON COLUMN NSR_SUSPICION_SERVICE.BT IS '标题';
COMMENT ON COLUMN NSR_SUSPICION_SERVICE.SERVICEID IS '服务ID';
COMMENT ON COLUMN NSR_SUSPICION_SERVICE.BZ IS '备注';
ALTER TABLE NSR_SUSPICION_SERVICE ADD CONSTRAINT PK_NSR_SUSPICION_SERVICE PRIMARY KEY (ID);
CREATE INDEX INDEX_NSR_SUSPICION_SERVICE ON NSR_SUSPICION_SERVICE (BT);


INSERT INTO NSR_SUSPICION_SERVICE (ID, BT, SERVICEID, BZ) VALUES (1, '增值税', 'UWPSJYPZ001', '增值税');

--   Table: FZXX_DM_LX
CREATE TABLE FZXX_DM_LX
(
  LXDM VARCHAR(10) NOT NULL,
  LXMC VARCHAR(50) NOT NULL
);
COMMENT ON COLUMN FZXX_DM_LX.LXDM IS '类型代码';
COMMENT ON COLUMN FZXX_DM_LX.LXMC IS '类型名称';
ALTER TABLE FZXX_DM_LX ADD CONSTRAINT PK_FZXX_DM_LX PRIMARY KEY (LXDM);


CREATE OR REPLACE PROCEDURE F_FZXX_GET_LXMC(
    ac_lxdm VARCHAR,
    OUT rt VARCHAR(50)
)
AS $$
DECLARE
    all_count INTEGER;
BEGIN
    SELECT COUNT(*) INTO all_count FROM FZXX_DM_LX WHERE LXDM = ac_lxdm;
    IF all_count = 0 THEN
        rt := NULL;
        RETURN;
    END IF;
    SELECT LXMC INTO rt FROM FZXX_DM_LX WHERE LXDM = ac_lxdm;
END;
$$ LANGUAGE plpgsql;


INSERT INTO FZXX_DM_LX (LXDM, LXMC) VALUES ('05', '出口退税');
INSERT INTO FZXX_DM_LX (LXDM, LXMC) VALUES ('01', '法律');
INSERT INTO FZXX_DM_LX (LXDM, LXMC) VALUES ('02', '法规');
INSERT INTO FZXX_DM_LX (LXDM, LXMC) VALUES ('04', '核心征管');
INSERT INTO FZXX_DM_LX (LXDM, LXMC) VALUES ('03', '防伪税控');
INSERT INTO FZXX_DM_LX (LXDM, LXMC) VALUES ('00', '其他');

--   Table: FZXX_XXGL
CREATE TABLE FZXX_XXGL
(
  ID      INTEGER NOT NULL,
  BT      VARCHAR(50) NOT NULL,
  NR      VARCHAR(4000) NOT NULL,
  GJZ     VARCHAR(50) NOT NULL,
  LXDM    VARCHAR(10) NOT NULL,
  LRSJ    TIMESTAMP,
  FBSJ    TIMESTAMP,
  JG      VARCHAR(10),
  ZG      VARCHAR(10),
  NH      INTEGER,
  WH      INTEGER,
  LRRID   VARCHAR(11) NOT NULL,
  LRRDM   VARCHAR(11) NOT NULL,
  LRRMC   VARCHAR(20) NOT NULL,
  LRRJGDM VARCHAR(15) NOT NULL,
  LRRJGMC VARCHAR(60) NOT NULL
);
COMMENT ON COLUMN FZXX_XXGL.ID IS '序号';
COMMENT ON COLUMN FZXX_XXGL.BT IS '标题';
COMMENT ON COLUMN FZXX_XXGL.NR IS '内容';
COMMENT ON COLUMN FZXX_XXGL.GJZ IS '关键字';
COMMENT ON COLUMN FZXX_XXGL.LXDM IS '类型代码';
COMMENT ON COLUMN FZXX_XXGL.LRSJ IS '录入时间';
COMMENT ON COLUMN FZXX_XXGL.FBSJ IS '发布时间';
COMMENT ON COLUMN FZXX_XXGL.JG IS '局轨';
COMMENT ON COLUMN FZXX_XXGL.ZG IS '字轨';
COMMENT ON COLUMN FZXX_XXGL.NH IS '年号';
COMMENT ON COLUMN FZXX_XXGL.WH IS '文号';
COMMENT ON COLUMN FZXX_XXGL.LRRID IS '录入人ID';
COMMENT ON COLUMN FZXX_XXGL.LRRDM IS '录入人代码';
COMMENT ON COLUMN FZXX_XXGL.LRRMC IS '录入人名称';
COMMENT ON COLUMN FZXX_XXGL.LRRJGDM IS '录入人机关代码';
COMMENT ON COLUMN FZXX_XXGL.LRRJGMC IS '录入人机关名称';
ALTER TABLE FZXX_XXGL ADD CONSTRAINT PK_FZXX_XXGL PRIMARY KEY (ID);
ALTER TABLE FZXX_XXGL ADD CONSTRAINT FK_FZXX_XXGL FOREIGN KEY (LXDM) REFERENCES FZXX_DM_LX (LXDM);
CREATE INDEX INDEX_XXGL_GJZ ON FZXX_XXGL (GJZ);


CREATE SEQUENCE SEQ_FZXX_XXGL
MINVALUE 1 MAXVALUE 99999999 START WITH 1 INCREMENT BY 1 CACHE 20 CYCLE;


--   Table: FZXX_FWGL
CREATE TABLE FZXX_FWGL
(
  ID        INTEGER NOT NULL,
  BT        VARCHAR(50) NOT NULL,
  URL       VARCHAR(100) NOT NULL,
  LXDM      VARCHAR(10) NOT NULL,
  SERVICEID VARCHAR(20) NOT NULL,
  GJZ       VARCHAR(50) NOT NULL,
  BZ        VARCHAR(500) NOT NULL
);
COMMENT ON COLUMN FZXX_FWGL.ID IS 'ID';
COMMENT ON COLUMN FZXX_FWGL.BT IS '标题';
COMMENT ON COLUMN FZXX_FWGL.URL IS '显示页面的地址';
COMMENT ON COLUMN FZXX_FWGL.LXDM IS '类型代码';
COMMENT ON COLUMN FZXX_FWGL.SERVICEID IS '服务ID';
COMMENT ON COLUMN FZXX_FWGL.GJZ IS '关键字';
COMMENT ON COLUMN FZXX_FWGL.BZ IS '备注';
ALTER TABLE FZXX_FWGL ADD CONSTRAINT PK_FWGL_ID PRIMARY KEY (ID);
ALTER TABLE FZXX_FWGL ADD CONSTRAINT FK_FZXXFWGL FOREIGN KEY (LXDM) REFERENCES FZXX_DM_LX (LXDM);
CREATE INDEX INDEX_FWGL_GJZ ON FZXX_FWGL (GJZ);


INSERT INTO FZXX_FWGL (ID, BT, URL, LXDM, SERVICEID, GJZ, BZ) VALUES (1, '欠税信息', '../xslt/index.jsp', '04', 'UWPZHCXXX001', '增值税纳税申报', '欠税信息');
INSERT INTO FZXX_FWGL (ID, BT, URL, LXDM, SERVICEID, GJZ, BZ) VALUES (2, '发票认证信息', '../xslt/index.jsp', '03', 'UWPZHCXXX002', '增值税纳税申报', '发票认证信息');
INSERT INTO FZXX_FWGL (ID, BT, URL, LXDM, SERVICEID, GJZ, BZ) VALUES (3, '纳税人基本信息', '../xslt/index.jsp', '04', 'UWPZHCXXX003', '增值税纳税申报', '纳税人基本信息');
INSERT INTO FZXX_FWGL (ID, BT, URL, LXDM, SERVICEID, GJZ, BZ) VALUES (4, '模拟测试', '../xslt/index.jsp', '00', 'UWPSJYPZ001', '增值税纳税申报', '测试WebService和EJB');
INSERT INTO FZXX_FWGL (ID, BT, URL, LXDM, SERVICEID, GJZ, BZ) VALUES (5, '测试服务', '../xslt/index.jsp', '00', 'UWPSJYPZ001', '测试服务', '测试辅助信息服务');

DO $$
BEGIN
    CALL P_ADD_ROOT('systemmanage', '系统管理', 90);
    CALL P_ADD_ML('系统管理', '组织权限');
    CALL P_ADD_GNMK('系统管理~组织权限', 'systemmanage.security.resource.help', '资源在线帮助', '../portal/help/GnmkBndService.select.do', '090000');
END;
$$ LANGUAGE plpgsql;

